ASIN,SKU,国家,星级,Review标题,评价内容,评价时间
B0H4GKXXL5,ND6955A-28-XL,美国,5,Elegant and Supportive Bodysuit,"The Nebility lace bodysuit is beautiful, but it does run small. I recommend closely checking the measurements on the size chart rather than just relying on the listed size. I usually wear a size 8-10, so I ordered an XL, and I'm glad I did. The brown color is lovely, and the delicate lace provides an elegant look that works well as both shapewear and a top. I also appreciate that it offers enough support to smooth and shape, and it features two rows of snaps at the bottom to accommodate different torso lengths.",2026-07-12
B0H3TSCDHY,AD6696A00L-B91,美国,5,Sin olor y super suave,La tela es muy suave no te deja Marca y cumple con sus expectativas...sin olor  es igual a la foto ..totalmente recomendado 10 de 10,2026-07-12
B0H3PX3J91,AD7081A0XL-B53,日本,4,ウェットスーツみたいな生地です。,ウェットスーツのような素材に、裏面は商品画像のようにつるっとした素材で直接地肌に着ると少し不快感あります。着心地は硬めでまさにウェットスーツを着ているような着心地です。中にフックがあり、これをひっかけてサイズを調整するようです。基本は少し窮屈な状態で着るようです。ただそこまでしなくてもこれを着て、上からシャツなりを着て動くだけで一気に汗が吹き出します。真夏には着ないほうがいいです。到着時7月で室内でも３０を超える時期に着こんでみたのですが、熱がこもって熱中症になりそうだったのですぐに脱ぎました。発汗はものすごくしますが、その分動く場所の温度は確認しないと体調は崩しそう。不快感はあるものの、熱がこもるのでかなり汗はでます。,2026-07-12
B0H28D1CW5,AC3575A-72-M,加拿大,2,"NEBILITY BUTT LIFTING SHAPEWEAR WITH BUTT PADS - Smoothed Out My Look, But No Lift","Right concept, Wrong execution.  I weigh about 131-135lbs at 5'5ft tall and wear  small to medium sized clothing, so I ordered the medium size, which fit me nicely.  These Nebility Butt Lifting ShapeWear short shorts, really are cute and comfortable to wear up until the lacy hems on legs parts start to roll back up your thighs, creating a slightly squeezing ring-like effect around the tops of your legs, pushing any fat you have there, downwards in a mushroom type shape, making your body shape look ten times worst!  The material texture these are made with, is so soft and silky which doesn't help much with the lacy roll-ups. The back end of these butt lifting shapewear short shorts when on you, provides a smoother look across your butt, but that was all that happened for me.  No butt lift whatsoever, all the butt pads did was make my butt look a bit bigger.  OVERALL;  I would not recommend these NEBILITY BUTT LIFTING SHAPEWEAR WITH BUTT PADS, to anyone because in my honest opinion, they did not work as advertised.",2026-07-12
B0H25YTFLY,AD6573B00L-B91,法国,4,Belle body mais tissu pas confortable pour ma peau,"Visuellement, le body est très joli et sexy, idéal à porter sous des robes, jupes, pantalons, etc.??La taille est précise et la qualité semble bonne ??cependant, je trouve inconfortable à porter car le tissu, bien qu'extensible, irrite ma peau, provoquant des rougeurs ou laissant des marques.?C'est dommage car il a un joli décolleté et galbe bien la silhouette.?Livraison rapide ??",2026-07-12
B0H25MN6VY,AC3597A-91-XL,美国,3,Decent shapewear that runs small,"This butt lifting shapewear is decent, but could be better. I don’t have much of a backside, and the padding/fit back there did look nice. The padding will need to be adjusted based on your body shape, but once you get it in place, it does give you realistic looking lift and curves.The overall fit of the shapewear, however, was a problem for me. It runs small, so I’d suggest you order up. But it seems that if I’d done that, the shapewear would be too big since it didn’t hold me in very well. Plus it rolls down at the waist, which isn’t ideal. These issues are the reason I gave it three stars.",2026-07-12
B0H25HRHZH,AD6639A00L-B72,法国,4,Parfait pour de vêtements décolletés,"Il s'agit d'un body de style court avec un effet galbant doux, idéal à porter sous des robes, des pantalons moulants ou toute tenue où vous souhaitez lisser subtilement votre silhouette. ??Plus important encore, il est suffisamment confortable pour être porté toute la journée??Le design sans bretelles est un plus, car il permet de porter des robes décolletées.??La taille est précise et il peut être lavé en machine sur cycle délicat ou à la main.??Les bretelles sont amovibles et ajustables ??Le prix semble raisonnable compte tenu de sa présentation de grande qualité.??Je vous recommande ??Merci Amazon",2026-07-12
B0H1WHNNDJ,,美国,5,It Does The Job For Me,"This is a nice Tummy Control Shapewear by Nebility and I got it in brown and a size XXL.The fit is as I expected and perfect for me.  I usually wear a size XL, however I opted to size up and get a XXL and I'm glad I did because it is so comfortable to wear that I'm not sure how my regular size would have fit.The shapewear is the high waisted style;  has bones in it to prevent it from rolling down;  and it is the thong style.This shapewear slims my waist;  pulls in and controls my tummy and mid section area:  and a surprise feature is that it actually does give me a bit more support on my back.I love this shapewear and I rate it a 5 out of 5.",2026-07-12
B0GZQ154XD,AB2421A-72-L,美国,5,Good bra,This bra stays in place and provides comfortable support. It fits well and is a soft material. I bought nude so it wouldnt be seen under white tee shirts. It covers large girls well too.,2026-07-12
B0GY496YQS,AB2252A3XL-B91,法国,5,Une fermeture à l'avant qui facilite vraiment l'enfilage,"?? Con?u pour la période post-opératoireJe vais prochainement subir une intervention de la poitrine et j'ai choisi ce modèle en prévision de ma convalescence. Après essayage, la taille correspond parfaitement et le maintien est bon et la poitrine est bien enveloppée.?? Un enfilage sans lever les brasC'est le point qui m'a convaincue. Toutes les ouvertures sont situées à l'avant, ce qui évite de devoir lever les bras ou effectuer des mouvements qui risquent d'être douloureux après une chirurgie. Les agrafes s'ouvrent et se referment facilement.Le tissu est doux au contact de la peau et le soutien-gorge reste confortable. Comme il est prévu de le porter plusieurs semaines après l'opération, j'ai d'ailleurs l'intention d'en acheter un second afin d'en avoir toujours un propre pendant le lavage.?? Une seconde vie après la convalescenceLe coton tient un peu chaud, ce qui ne me dérange pas pour un soutien-gorge de maintien. Une fois ma récupération terminée, je pense continuer à le porter pour certaines activités sportives où un bon maintien est recherché.Je suis satisfaite de cet achat et je le recommande volontiers.",2026-07-12
B0GXV7GG6B,,德国,3,"Straffe Form, aber ziemlich stramm","Das Kompressionsshirt macht auf den ersten Blick einen hochwertigen Eindruck. Die Verarbeitung ist ordentlich, die N?hte wirken sauber und das Material fühlt sich grunds?tzlich angenehm und elastisch an. Es macht nicht den Eindruck eines billigen Produkts und h?lt auch bei Bewegung gut seine Form.Die Kompressionswirkung ist allerdings wirklich sehr stark. Das Shirt sitzt extrem eng und braucht beim Anziehen etwas Geduld. Gerade am Anfang hatte ich sogar das Gefühl, dass es zu straff sitzt und das Atmen etwas unangenehm wird. Wer noch nie ein stark komprimierendes Kleidungsstück getragen hat, muss sich vermutlich erst einmal daran gew?hnen.Der formende Effekt ist dafür deutlich spürbar. Brust- und Bauchbereich werden zusammengedrückt und die Silhouette wirkt unter einem T-Shirt oder Hemd tats?chlich etwas glatter. Besonders unter lockerer Kleidung kann das einen sichtbaren Unterschied machen. Wunder darf man natürlich nicht erwarten, aber das Shirt unterstützt dabei, den Oberk?rper etwas gleichm??iger wirken zu lassen.Der Stoff ist elastisch und bleibt auch bei Bewegung an seinem Platz. Der l?ngere Schnitt ist praktisch, weil das Shirt nicht st?ndig nach oben rutscht. Gerade im Alltag oder beim Sport ist das angenehm, da man nicht dauernd am Unterhemd herumziehen muss.Ein Punkt, der mich etwas entt?uscht hat, ist die Optik des Materials. Auf den Produktbildern wirken die transparenten Bereiche noch recht unauff?llig und hochwertig. In Wirklichkeit gefallen sie mir nicht ganz so gut, da sie etwas einfacher wirken und nicht ganz den Eindruck vermitteln, den die Bilder erwarten lassen.Bei der Gr??e sollte man vorsichtig sein. Durch die starke Kompression f?llt das Tragegefühl deutlich enger aus als bei einem normalen Unterhemd. Wer zwischen zwei Gr??en liegt oder eine weniger extreme Straffung m?chte, sollte eher überlegen, eine Nummer gr??er zu w?hlen.Insgesamt ist das Shirt gut verarbeitet und bietet eine starke Kompressionswirkung. Es formt den Oberk?rper sichtbar, verlangt beim Tragen aber etwas Eingew?hnung, da der enge Sitz wirklich konsequent umgesetzt wurde.",2026-07-12
B0GSV4154T,AB2437A-91-M,美国,5,Perfect everyday comfort,"This bra is exactly what I needed. The front zip closure makes getting ready so much faster, and the racerback design gives a nice, gentle lift without any painful underwires. It holds everything in place without feeling suffocating. My only critique is that it runs just a little bit small/snug around the band. If you are between sizes, I definitely recommend ordering one size up for the perfect fit. Otherwise, it's an amazing, high-quality bra for the price!",2026-07-12
B0GQPN58PS,AC3593A-91-S,美国,5,Surprisingly good!,"Perfect size and surprisingly good quality. As long as you smoothen it and adjust the pads, it would look natural.",2026-07-12
B0GQBDVF9K,,意大利,5,Non mi aspettavo questo risultato,"Questa canotta contenitiva è una bomba se volete nascondere un po' di pancia o le maniglie dell'amore sotto i vestiti, perché stringe forte nei punti giusti senza però lasciarvi senza fiato. Si indossa tranquillamente sotto una camicia o una t-shirt normale per tutti i giorni e non si nota assolutamente nulla da fuori, il che vi permette di usarla sia in ufficio che per fare sport se cercate un sostegno extra per la schiena e l'addome. Il tessuto compressivo fa davvero un ottimo lavoro nel modellare e snellire la figura, ma allo stesso tempo resta abbastanza traspirante da non farvi morire di caldo o sudare il doppio mentre vi muovete. Un grandissimo punto a favore è che la fascia sulla pancia rimane bella ferma e la canotta non si arrotola continuamente sui fianchi, che è poi il fastidio classico di questo tipo di intimo modellante. Alla fine è un aiuto perfetto per vedersi meglio allo specchio e sentirsi più sicuri di sé con qualsiasi vestito addosso, senza che nessuno si accorga del trucco.",2026-07-12
B0GQB8WCLY,,意大利,5,"Canottiera contenitiva ben realizzata, efficace e confortevole anche durante l'allenamento.","Ho sempre preferito gli spazzolini elettrici con testina rotante rispetto a quelli che sfruttano le micropulsazioni. Sono probabilmente un po' più rumorosi, ma personalmente li trovo più efficaci nella pulizia dei denti, soprattutto negli spazi più difficili da raggiungere. Proprio per questo motivo sono stato subito incuriosito da questo COSLUS C60, che utilizza proprio questa tecnologia.La confezione è decisamente completa e comprende, oltre al corpo dello spazzolino, una pratica custodia da viaggio, quattro testine ciascuna dotata del proprio parasetole in plastica e la base di ricarica wireless da appoggio. Una dotazione che permette di utilizzarlo fin da subito e che garantisce anche una buona autonomia nel tempo prima di dover acquistare ricambi.Dal punto di vista costruttivo lo spazzolino mi ha fatto un'ottima impressione. Il corpo è realizzato con una plastica di buona qualità, trasmette una piacevole sensazione di solidità e presenta un design semplice ma elegante. Tutte le funzioni sono gestite tramite un unico pulsante, con cui è possibile selezionare i tre livelli di intensità. I LED cambiano colore per indicare la modalità scelta e, quando diventano fucsia, segnalano che la batteria è prossima all'esaurimento.La resa è senza dubbio l'aspetto che ho apprezzato maggiormente. Quando in azione, le setole hanno una rigidità adeguata a questo tipo di movimento e consentono una pulizia molto accurata anche negli interstizi. Nel mio caso ho utilizzato esclusivamente il livello di intensità medio e, pur ottenendo una pulizia profonda, non ho riscontrato alcun sanguinamento delle gengive, segno che lo spazzolino riesce ad essere efficace senza risultare aggressivo.L'unica osservazione riguarda la custodia da viaggio. è realizzata con un buon materiale e protegge perfettamente il corpo dello spazzolino e due testine. Trovo però poco comprensibile il fatto che queste ultime possano essere inserite soltanto rimuovendo i rispettivi copritestina. è vero che la custodia offre già una buona protezione, ma soprattutto durante i viaggi, quando lo spazzolino non sarà riposto in verticale sulla sua base di ricarica, avrei preferito poter lasciare installati anche i parasetole.Si tratta comunque di una critica davvero secondaria. Nel complesso ho trovato questo spazzolino elettrico un prodotto molto riuscito: costruito bene, semplice da utilizzare, capace di garantire una pulizia accurata e con una durata della batteria che si è dimostrata davvero elevata. Per quanto mi riguarda è un acquisto che mi sento tranquillamente di consigliare.",2026-07-12
B0GQB7HBL8,,意大利,5,qualità e cura dei dettagli fanno di questa canotta un ottimo prodotto!,"sicuramente si tratta di un prodotto di ottima qualità, la percentuale di spandex ne è la prova.Quasi completamente privo di cuciture se non pochi piccoli punti sulle spalle, al tessuto viene data la forma attraverso le cuciture laser tipiche dell'abbigliamento intimo.Particolare interessante è la piccola fascia di silicone per far sì che la canottiera rimanga ferma e aderente al corpo nella parte più bassa.Ll consiglio è quello di valutare bene la taglia da acquistare in quanto la vestibilità per quanto buona è ovviamente limitata all'utilizzo della taglia corretta rispetto al proprio fisico.Una volta indossata la postura assume una forma più corretta e non è assolutamente opprimente, nonostante durante la vestizione si possa avere qualche difficoltà nell'indossarla correttamente.L'ho usata durante una camminata di circa 10 km e un altro giorno l'ho utilizzata come canottiera sotto alla divisa dal lavoro e in entrambi i casi non ho sentito alcun fastidio e anzi ne ho tratto beneficio, soprattutto durante le ore lavorative.Un altro aspetto interessante,ma puramente narcisistico, è che una volta indossata l'addome risulta più scolpito.Di per sé è un ottimo prodotto, ben fatto sotto tutti gli aspetti.",2026-07-12
B0GKPNSY8Y,AC3484A-91-L,法国,5,De bonne qualité,fait ce pour quoi il a été concu,2026-07-12
B0GJSRSK7V,KC3184B2XL-B91,美国,5,Worth Buying – Just Go Up One Size ?,"""Great quality material! It's comfortable, well made, and definitely helps you sweat during workouts. My only recommendation is to order one size up for a more comfortable fit. Overall, I'm very happy with this purchase!"" ?????",2026-07-12
B0G6Y9Q477,AA1172A-91-XL,美国,2,returning,its nice and yall should buy it's just not what I thought this was. Returning,2026-07-12
B0G2PVM934,AC3576A-91-M,美国,1,Not for me,When i they bringing back the full waist compression with padding. I keep checking but always not available,2026-07-12
B0FZRCDXX8,AC3268A2XL-B91,美国,2,No me sirvio,"Supuestame.te compre mi talla pero no entre en ella, tampoco estira mucho. Pero la calidad parece buena",2026-07-12
B0FZB9YJ4B,AD6159B0XL-B70,法国,5,Permet d'affiner la silhouette et est invisible sous les vêtements,"Affine la silhouette, au niveau du ventreNe se voit pas sous les vêtements et pour ma part ma permis de gagner en confiance lors d'une perte de poids",2026-07-12
B0FVDXZ6M5,AD6847B-91-L,美国,5,Would buy it again wish they had more colors,True to size very comfortable easy to use as a nursing mom I wear it like a shirt I wish they had more colors I would buy it in a few different colors good quality straps are adjustable u can remove the straps,2026-07-12
B0FLJPB3N7,AB2261B00L-B72,英国,5,Fantastic product!,I bought two of these before I had DIEP flap reconstruction surgery. They are so comfortable and supportive I love them. I would definitely recommend this product.,2026-07-12
B0FLD4XSVQ,AD6478A00L-B70,美国,1,Poor Make,"The make of this shaper is very poor! Very itchy and the snap between, is too wide! It scratches the tighs!",2026-07-12
B0FK9RYLQL,RB2300A0XL-B70,日本,5,締め付けすぎずに胸が小さく見える,今まで色々とこの手のブラを使ってきましたがこちらの商品が抜群に自分にしっくりきました！ホールド感も良く締め付けすぎないのに、ちゃんと胸の大きさがダウンされるし前ファスナーなのが良い。しかもファスナー部分には布が被せてあるので肌に直接当たる事も無くてそんな気遣いも嬉しい。生地も厚く思えましたが着けてみると蒸れる事も無くこの猛暑でも気持ちよく着けられそう！,2026-07-12
B0FHGZK9GT,JD7092B-53-M,美国,1,Not worth it,Would not get mine broke after a month,2026-07-12
B0FH4X3B1J,AD6481A00L-B91,美国,1,Rolls up doesn't stay down.,Rolls up doesn't stay down.,2026-07-12
B0FFN4SXQG,AD6159B00M-B91,法国,1,Problème de taille,"Très mauvaise qualité , sans parler de la tailleJ’ai pris du M sachant que par habitude je prend du S?a taille 16 ans !",2026-07-12
B0FCFBBP6B,AA1112ALXL-B91,美国,5,Good,Good product to suck in the gut.,2026-07-12
B0FBWGBM23,AA1110B00M-B11,美国,5,Awesome fit,"This was perfect until it worked, now in less than a month I need a small, lol. Im 5 '4 172lbs brought a medium,  may need a small or dare to dream xs",2026-07-12
B0F8VFJ2SZ,AB2254B3XL-B72,美国,1,Way too small.,I ordered my regular size and I couldn’t get it closed. Way too small.,2026-07-12
B0F43VD717,AD61180930ML-B10,美国,5,Iam happy with my purchase,"I really like this bodysuit shapewear! It’s comfortable, fits well, and provides great support without feeling too tight. It smooths everything out nicely and looks great under my clothes. The material is soft, breathable, and holds up well throughout the day. I’m very happy with my purchase and would definitely recommend it!",2026-07-12
B0F29246X7,AA1134B00S-B91,美国,2,Tummy,Tear,2026-07-12
B0F292184X,AA1134B00L-B91,美国,5,good quality,Just received what I was looking for,2026-07-12
B0F187JR27,AA1149A00L-B91,英国,5,Waist trainer for women,Perfect and true to size????????????really love it??Thanks,2026-07-12
B0DYJ9MB7Q,AD6623ALXL-B91,美国,5,Soft material,I loved how it slimmed my upper arms down. It does it's job!,2026-07-12
B0DWSF9P57,AD7016A00L-B91,美国,5,Thermal Shirt,Loved this sweat shirt ! Use it for my weighted walks !  Does not hold odor and has good support. Material is super soft and overall a comfortable shirt .,2026-07-12
B0DN1TF843,AC3391A00L-B72,加拿大,2,Not the shape wear I’ll reach for,It does slim the belly a bit. But it’s not really comfortable and not the shapewear that I’ll reach for. The little tabs that are supposed to help keep up don’t really do the job. Disappointed in the purchase,2026-07-12
B0DFXW849D,AB2186B0XL-B72,墨西哥,5,Excelente producto,Excelente productoLo más cómodo que he usadoTalla perfecta,2026-07-12
B0D9XFCPC1,RB1150A00M-B91,日本,5,腰痛対策に,腰痛がやわらぎます。,2026-07-12
B0D7VKG1FB,AA1107A00L-B70,美国,5,I've gotten more compliments than I can count,"This thing works. Like, REALLY works. As with any body shaping or weight loss product, paying attention to your diet and exercise is vital, but ever since I started wearing this, my results have been both faster and more noticable. Nearly every family member I've seen since I started using this has made a comment about how much weight I lost. It's incredible just how effective this is.It's also shockingly comfortable. I was worried about breathability compared to another waist trainer I got at the same time, but surprisingly this turned out to be the more comfy of the two by a huge margin. it's not itchy, it's nice and sturdy, and the tightness options give you a good amount of control of how snug you want it to be. It REALLY gives you that hourglass shape.I can't recommend this enough. It's genuinely changed my day-to-day life. It even helps me subconsciously watch my food intake better because I can literally feel myself getting full sooner than I would if I wasn't wearing it. I feel healthier, more confident, more motivated to work on my body shape than ever before--and people notice. A lot.",2026-07-12
B0D7VJFZGY,NA1107A00M-B91,美国,5,Love this waist trainer,"?????I am very impressed with the Nebility Waist Trainer! It provides excellent tummy control and creates a smooth, flattering silhouette under clothing without feeling overly restrictive. The material is comfortable and breathable enough for all-day wear, and the adjustable hooks and straps make it easy to find the perfect fit.I also love that it stays in place and doesn't roll down like some other shapewear products I've tried. It offers great support for my back and posture while still allowing me to move comfortably throughout the day.Overall, this waist trainer delivers exactly what it promises — a more defined waistline and extra confidence in fitted outfits. I would definitely recommend it to anyone looking for comfortable and effective shapewear.",2026-07-12
B0D2SLF4Z2,AD6460A00M-B70,英国,5,So soft on the skin,Snatch so will,2026-07-12
B0CPBLX4VV,AG9022B00L-B91/B72,美国,5,Smooths out all your rolls,Very comfortable and smoothed out all of my rolls and lumps,2026-07-12
B0CL52BNRW,AD6432AXL2-B91,美国,5,My New Favorite Bodysuit,"“I’m obsessed with this bodysuit! ?? The material is buttery soft, stretchy, and so comfortable. It hugs my curves in all the right places without feeling too tight, and the thong design makes it completely seamless under jeans. The straps stayed in place, and I didn’t have to keep adjusting it throughout the day. It’s super flattering and easy to dress up or keep casual. Definitely one of those staple pieces every closet needs. I already want it in more colors!”",2026-07-12
B0C9ZS159B,AA1110B00M-B53,美国,5,Works great!,Love this faja. Love the way it fits and slims and makes you sweat,2026-07-12
B0C9ZS159B,AA1110B00M-B53,美国,5,Great for working out,"I love this waist trainer, it does make you sweat a lot during the workout. Great material, great fit. I purchased an additional",2026-07-12
B0C7T8JML1,AD6507A00M-B72,美国,5,Recommend,Just as expected perfect compression. Really comfortable will be purchasing it again. Purchased a M and it does what it says.,2026-07-12
B0B53K6443,AA1110B0XL-B53,美国,4,Worth it,"I took someone advice on the reviews & got a size up & it fit snug but it works good. I can sit down comfortably, it covers all my stomach & back, IT DOES NOT MOVE. I definitely wear this all day. Love it, love it, love it ??",2026-07-12
B0B4RKMSW8,AD6118BXL2-B70,美国,1,Itchy material / FULL BLOWN RASH,I broke out in a full body rash from this bodysuit. Not sure what material was used or where it came from but horrible experience,2026-07-12
,AD6118093XL2-B70,,,,,
B09TVJ67NJ,883C-Y-XL,美国,3,Not Worth It,This didn't do a thing. It was uncomfortable and just pushed the fat both above and below it. It also rolled up at the bottom as well as down from the top. Don't waste your time.,2026-07-12
,883B-Y-XL,,,,,
B09TVHVMBT,883C-B-L,美国,5,Comfortable!!,Love it! Works excellent and very comfortable.  The best I have ever had.  And my silhouette is beautiful ??,2026-07-12
,883B-B-L,,,,,
B09H2D7R4K,AD611909300L-Q91,西班牙,4,Camiseta faja reductora,Producto útil para hacer ejercicio y aumentar el gasto de calorías y reducir la barriga.,2026-07-12
B095K1L7Y5,AD6321B0XL-B91,美国,1,Photo is so AI and the product is not long as shown in photi,Not as long as shown in picture. Waste of money,2026-07-12
,AD63212110XL-B91,,,,,
B08T1F3F3L,GN621910300M-B72,日本,5,締め付けがいいです。,つけ始めは 苦しくて辛かったですが 翌日からは慣れてきました。,2026-07-12
B08CTZ3FLW,AA103309700L-Q91,美国,5,Helps alot,Love,2026-07-12
,AA1033B00L-Q91,,,,,
B089CJ5YK7,JD6150B00M-B91,美国,1,Not worth it,Super Thin! Returning because I tried it on and it just kept rolling up.,2026-07-12
,JD6150C00M-B91,,,,,
B07CJ561N5,12008C-B-S,美国,1,Does not hold you in or synch anything,Absolutely useless did nothing for me ??,2026-07-12
,12008B-B-S,,,,,
B078X6JHNP,12008C-B-XL,日本,5,着用簡単　コルセット,身長160 体重53 でお腹ポッコリです　普通Lサイズですが　XLを購入中の引っ掛かけるものは切って使用中です　引き締め感が気持ちよくて2枚目を購入しました　着用も簡単で気に行ってます　ただ下の長さを後２センチくらい短いと私にはピッタリですが,2026-07-12
B075KBXFBK,12008B-B-M,美国,5,Faja,"Muy buena la verdad, buena tela y resistencia",2026-07-12
,12008C-B-M,,,,,
B0H4GKXXL5,ND6955A-28-XL,美国,4,Not For Shorties,"For reference, I am 5’3” and 172 pounds at the writing of this review. I ordered the XL, which was the largest size available. The bodysuit is a beautiful shade of brown. It is also a thong. The lace at the top is beautifully detailed. Here’s my dilemma. When I say I had to FIGHT to get my body into this bodysuit. Sheesh, I am certain I burnt all the calories from the cupcake I wasn’t supposed to have getting it on. Hey, I will take the wins however they come. But back to the bodysuit. When I got it on, my torso was snatched to the gods! I honestly considered keeping it, because the torso was torso-ing. However, there was the problem of the low-hanging crotch. The bodysuit is just too long for my height. It would probably be perfect for those who are taller, but it’s definitely not for shorties like me.",2026-07-11
B0H41FN98H,JD7092B-53-S,法国,4,"Gainant efficace, bonne tenue, un peu chaud en été","J'ai commandé ce corset gainant en taille S pour des sorties où je veux un ventre bien lissé sous mes robes ajustées. Le maintien est bon, le ventre est effectivement aplati et la silhouette afinée. Le tissu respire raisonnablement — ce n'est pas agréable par grosse chaleur, mais pour quelques heures c'est acceptable. L'enfilage est un peu sport au début, mais on prend vite le coup de main. La coupe est bien pensée, elle ne remonte pas et ne marque pas sous les vêtements fins. Mon seul regret c'est que le buste n'est pas très galbe, mais ce n'est pas la promesse du produit non plus. Pour un shapewear ventre plat basique qui fait le job, c'est bien.",2026-07-11
B0H3TCJYFN,AD6696A00M-B91,美国,5,Good material,Love this chest binder!!!! Fiits very comfortable and very good material. And good for the price!!! I will definitely recommend to fríends and family.,2026-07-11
B0H2ZL9SQF,NA1194A-72-L,美国,5,A Postpartum Wardrobe Staple That Actually Stays Comfortable,"At 7 months postpartum, this has quickly become one of the most-used pieces in my wardrobe. It provides just the right amount of support without feeling overly restrictive, making me feel more comfortable and confident throughout the day.One of my favorite features is the longer length. It covers my entire lower abdomen instead of stopping too high like many waist trainers do, so I don’t have to deal with rolling or a noticeable bulge at the bottom.The built-in boning gives great back support and helps encourage better posture, especially on days when I’m constantly picking up and carrying my baby. It feels supportive without digging into my sides, and I can comfortably sit, bend, and move around while wearing it.I also appreciate that the material is breathable. Even during warmer days, it doesn’t feel overly hot or suffocating, which isn’t always the case with shapewear.The multiple rows of hook closures are another nice feature since they allow you to adjust the fit over time. Whether you’re postpartum or simply looking for extra support under your clothes, this is a comfortable, well-made option that has become a regular part of my daily routine.",2026-07-11
B0H28LGXHL,AC3575A-72-2XL,加拿大,4,The padding is too thin and subtle.,"The fabric is soft, sheer, and thin, making it very airy and breathable. The entire garment stretches well and is very accommodating. I purchased this based on my typical sizing, so it fits a bit loose and comfortable. Looking back, I should have ordered one size smaller, as I think this works better with a tighter fit.I found the padding to be quite thin; it did not create the round, plush bottom that I imagined it would. The pads also sit really high. Unless the intent is to wear the garment loose and baggy, they sit at the very top of the buttocks and don't look quite right. I think it needs at least double the padding to create any meaningful effect.Overall, I am giving this four stars. As a garment, it is perfectly usable and comfortable. I just wish the padding were a bit more pronounced.Four stars.",2026-07-11
B0H28KSPWT,AC3575A-72-S,加拿大,5,"Super soft, wish for more lift","I was looking for something to give me a subtle lift under my dresses, and this shapewear is overall really nice. The best part is the fabric—it's an incredibly soft and breathable material, which is a huge plus because it doesn’t get sweaty or itchy even after wearing it for a full evening out.The sizing is also incredibly accurate. I ordered my usual size based on the chart, and it fit perfectly right out of the package without squeezing the life out of my waist or digging into my thighs.My only minor critique is the padding. The padding could be a bit thicker and more structured to give a more noticeable ""pop."" It gives a very gentle, natural smoothing effect, but if you're looking for a dramatic, high-definition transformation, it might feel a little too subtle.That being said, for a comfortable, everyday shapewear piece that you can actually breathe in, it's definitely a solid choice!",2026-07-11
B0H28DNXGY,AA1133A0XL-B53,美国,5,Great fit!!,"The material is comfortable, breathable, and provides great support without feeling too restrictive. I ordered a size up but it stays in place throughout the day, whether I’m working out or just wearing it under my clothes.",2026-07-11
B0H1WP5YSN,NC3608A-26-3XL,美国,5,Comfortable High Waist Shapewear Thong,"This high-waist shapewear provides excellent tummy support while remaining surprisingly comfortable throughout the day. It smooths the midsection without feeling overly restrictive, and the thong design helps eliminate visible panty lines under fitted clothing.The fabric is soft, breathable, and stays in place without constantly rolling down. It's a great option for dresses, work clothes, or special occasions when you want a smooth, confident silhouette while still being comfortable enough for all-day wear.",2026-07-11
B0H1M5MPF5,MD6580B0XL-B91,美国,5,Great Quality & Worth Buying Again!,"I’m really impressed with this bodysuit! It provides great tummy control without feeling overly tight and smooths everything out for a flattering silhouette. The V-neck design is stylish enough to wear under blouses, dresses, or even on its own with jeans or a skirt. I love the lace details add a classy touch, and the thong style helps prevent visible panty lines. It’s comfortable enough to wear for hours and gives me extra confidence every time I put it on. The quality is amazing for the price, and it’s such a great value that I purchased a second one. Highly recommend!",2026-07-11
B0H1KY9275,AD6458A00L-B91,美国,5,Bodysuit,"Very comfortable and breathable material, should have gotten a size smaller M ordered L,Regardless it's still comfortable for all day wear.",2026-07-11
B0GXTXFMXB,,德国,2,???? Unangenehmer Stoff und damit für mich unbrauchbar,"Ich hatte mir von diesem Kompressionsshirt deutlich mehr versprochen. Das Material kratzt auf der Haut! Da ich den Vergleich zweier anderer Hersteller habe, kann ich guten Gewissens sagen, dass es wohl auch andere M?glichkeiten gibt.Es ist zwar sauber verarbeitet und die Kompression ist wirklich sehr stark. Sogar so stark, dass man darüber nachdenken sollte, lieber eine Nr. Gr??er zu bestellen.Optisch macht es unter normaler Kleidung einen etwas glatteren Eindruck und der ?Bauchweg“-Effekt ist durchaus gegeben.Unterm Strich: Solide verarbeitet, aber ein Hemd, welches Kratzen verursacht, kann ich nicht tragen. Vielleicht bin ich aber hier auch sehr empfindlich. Wer eine wirklich starke Kompression ben?tigt, sollte dem Unterhemd jedenfalls eine Chance geben!",2026-07-11
B0GX698ZKS,JD7096A-9A-M,美国,4,Sweat and be cute while doing it,I bought a med...and it fit well. I use it to walking. Helps with making me sweat. Does it job. I would say its worth the money and I think it looks cute on me.,2026-07-11
B0GVNHJ4QR,AB2188C0XL-B72,英国,3,Good quality but small sizing,"It looks well made but was far too small for me, usually I am 38DD so I ordered XL for the next size up. I could not get the ends to meet and the shoulder straps not adjust.The fabric feels soft and stretchy, I am sad to have to return. Item was dispatched promptly and arrived as promised.",2026-07-11
B0GVKGJ3CP,AD6945A-91-M,美国,2,Not that good,Rolls alot,2026-07-11
B0GVK6NTQN,AD6945A-91-XL,美国,5,X-Large 42DDD,Great material. Fits very well on my 42DDD body. Will purchase again.,2026-07-11
B0GTVGRT9L,AD6716A00L-B70,加拿大,4,Good support and comfort,"I’ve been pleasantly surprised by this compression tank. It delivers the level of support and shaping described in the product listing, with noticeable compression around the chest and midsection without feeling overly restrictive. The fabric is comfortable against the skin, and the breathable areas help prevent it from becoming too hot during daily wear.My main complaint is the appearance of the material. I received the white version, and it has a shiny, synthetic-looking finish that isn’t obvious in the product photos. Personally, I would have preferred a more natural, cotton-like look.That aside, it performs well as a technical compression garment and does exactly what I expected it to do.",2026-07-11
B0GT4F8T5X,AD7082B2XL-B53,法国,4,"Très efficace pour transpirer, mais attention à la taille","Ce gilet remplit parfaitement son r?le : il fait bien transpirer et assure un bon maintien du ventre pendant l'effort.Au niveau de la taille, le 2XL est un peu limite de mon c?té, mais c'est probablement à cause du ventre. Si vous hésitez ou que vous êtes entre deux tailles, il vaut peut-être mieux prévoir la taille au-dessus pour être totalement à l'aise. Globalement, le produit reste efficace et conforme aux attentes pour la sudation.",2026-07-11
B0GRGQQPNQ,AD6618B00M-B91,美国,5,Amazing breathable waist trainer,"Absolutely loved this waste trainer. It has amazing coverage, so if you do have a long torso, do not worry this product has got you covered. Another plus that I absolutely loved. It was the material that it is made out of. I have never bought a waist trainer that was as breathable and as lightweight as this one. If anything was to happen to this one I for sure would still buy another one!",2026-07-11
B0GL889YV9,AD6908A-91-2XL,美国,1,Poorly designed,"The fabric material is seriously irritating, theres no stretch or give either. The pattern of this is also not great- the support for the breasts are down by the stomach. Its very poorly designed. Due to the lack of stretch, theres goid tummy control, however it also makes breathing and moving difficult.",2026-07-11
B0GKMH2VKQ,AD6880A-91-S,美国,3,"good bind, odd fit","super soft, great coverage and a really flat bind! not super hot and sweaty, pretty decent material. it fit me true to size but it is very close to your armpits and pushes the fat around that area out into a tight area. the only reason this isn’t 5 stars is because of the uncomfortable fit around the armpits.",2026-07-11
B0GKM4Y45M,AD6880A-91-L,美国,5,Changed my life!!!!!!!!!!!!,im a cis woman who has been wearing binders for the past several years due to having extreme uncomfortably with their chest size. i have often been disappointed by most binders being made for people with nothing larger than a d cup and wearing them was starting to feel useless until i purchased this one. i have never felt such relief and comfort wearing a binder in my life!!!!! i went from a DDD cup to looking like a B cup instantly with ZERO chest or rib pain and no awkward bumps or side boob. wearing this while working and being able to fit into tops comfortably has changed my everyday life! highly recommend for larger chested people!,2026-07-11
B0GJD6S3GF,AD6505A2XL-B91,美国,3,Flattering but definitely size up!,"Definitely size up! The fit is very flattering but the back and gusset area are smaller than expected, like it was made for shorter ladies. Unless you want the thong area to be riding up and chafing you, definitely size up one.",2026-07-11
B0G51Y65X9,AD6044B4XL-B91,美国,1,Worst sizing EVER,"If I could give them 0 stars I would. Imagine the insult of losing 165lbs to got into a 4xl, and wanting shape wear for the gym only to have the shirt not even come halfway across your belly. Whoever sized these should be fired. From a cannon into the sun. I'm never buying this brand again and neither should anyone else. Just insulting and stupid. Every item everywhere has measurements for sizes, match them up it's unbearable discomfort to anybody who's not a ""normal"" body type. Do better.",2026-07-11
B0G43HVBVL,AB2420A-72-XL,美国,5,Love it. My new fave.,Amazingly comfortable! The girls stay lifted!I was worried about the wide straps being too confining but they are comfortable and prevent the double back roll.I think the size runs big. I ordered an XL according to the chart and have it on the first row of hooks. I ordered a L and have it hooked in the middle. I would order a size down especially since it comes with the additional expanding piece.,2026-07-11
B0FHGGDTK3,JD7092B-53-2XL,美国,4,Size up X2,"Height: 5'2""Weight: 169 lbsBra Size: 38CWaist: 33–34 inchesUsual shirt Size: LargeI originally ordered an XL, but it was too small and I returned it. The 2XL fit much better, although it was snug at first. After wearing it for a few days, it loosened up a bit (or maybe I lost a little weight ??), and now I'm able to use the second row of hooks.I've been wearing it for about 5 hours at a time (not overnight). It helps improve my posture without feeling restrictive. The material is soft, the straps are adjustable, and it's comfortable enough for extended wear. Overall, it does exactly what it's supposed to do.Just keep the sizing in mind and plan accordingly.",2026-07-11
B0F634Q1V2,AB2187B00S-B72,美国,5,Must have for post op!,So supportive. Perfect for post op! I used it immediately after my lumpectomy and loved it. It comfortable and adjustable!,2026-07-11
B0F633Q1TZ,AB2187B00M-B91,美国,5,Muy comodo,Buenísimo cómodo,2026-07-11
B0F4WDHRY7,136C-Y-M,美国,5,"It helped my injured back, caused by no core strength. Caused by stress a an appendix infection.","This helped my injured back, caused an appendix problem. And I lost 50lbs and 7 sizes in three months. The best one I’ve tried yet. And definitely the most comfortable one yet. I don’t even have to wear something like this anymore.I definitely recommend only getting one at a time, because I was buying a size smaller every week.",2026-07-11
B0F2HB1R2L,252C-Y-XL,美国,5,I think I love it,"Surprisingly comfortable! The lower cris cross helps pull in and flatten the ""done lap"", my overweight size 16 (I look like a pear with legs these days) actually has a visible waist.It breathes!! Louisiana summers are like living in Satan's butt crack, but I can wear it outside and not feel even hotter because of it.None of these things are really comfortable at the shoulder, but this is less uncomfortable than others I've tried.It even helps in the back, promoting better posture.I hope it washes well. Haven't gotten that far, of course, it will be a hang dry item, I never want dryer heat to weaken the elasticity.Oh yeah, and when you gotta go? The hooks are forward for easy access down there. I found that sitting allows me to reach the back loops piece, because bending to reach really doesn't work with my body shape these days ????Overall, I am very happy with this purchase. It smooths out the extra flesh and I do NOT look like the Michelin tire mascot.",2026-07-11
B0DWVTZP5C,AF8126B2XL-Q91,墨西哥,5,Resistente y firme,"Resistente, tama?o correcto y se puede traer todo el día",2026-07-11
B0DKJ7QG4P,AB2255A2XL-B91,美国,3,Be sure you know what style you want before you make your purchase,It didn’t provide the support l expected. It provided a sagging appearance. I am not too happy with the fit.,2026-07-11
B0DBZ8RKKV,6601-B-M,英国,5,I love it,I absolutely love it. Wore it out in a very hot weather yet didn't feel uncomfortable.,2026-07-11
,6601B-B-M,,,,,
B0D924VNJW,AB2261B00S-B72,美国,5,Buy this for post surgical compression!,"Best post-surgical compression bra! I have tried numerous brands and styles - including those provided by my surgeon. This brand is by far the softest, the most comfortable, and the most stretchy. The shoulder length can be adjusted, as can the front clasp. I highly recommend this brand.  It has a very soft band that doesn’t irritate the skin and the elastic doesn’t “itch” or cause discomfort.",2026-07-11
B0D6GNGPJN,AB2254A00L-B70,美国,5,Sujetador cómodo,Super práctico mi nuevo sujetador . Me encanta la tela es súper suave . Me siento cómoda al usarlo,2026-07-11
B0D5MHQ8HR,AD6414C2X3-B91,加拿大,4,Confortable et doux,Super beau et confortable. Bonne pression des bras pas trop fort mais suffisant. Poignet lousse merci enfin un qui ne comprimé pas les poignets. J'ai des très petits poignets mais de gros bras. Ne se voit pratiquement en dessous d'un t-shirt. Je vais l'essayer en salle de sport.Update: succès à la salle de sport. Tiens bien en place. J'ai même pu rouler un peu les manches pour faire un 3/4.,2026-07-11
B0D1QT9T5L,AD6477B00S-B70,美国,1,LOW QUALITY!,"Absolutely terrible! Low quality, don’t waste your money!",2026-07-11
B0CZ6TR8H1,AG6601B0XL-B91/B72,加拿大,4,Good,"Should’ve went up in size, but it was still good for under my dress for my brother’s wedding",2026-07-11
B0CVVWVCVR,AD6578B00S-B91,美国,4,"Not just affirming upperwear, but also good fitness wear.","I didn't buy this for myself, but rather a friend. This is their review of the item:Beyond it chafing, my friend has nothing bad to say about this brand. It fits nicely, it's been slept in. It feels comfortable, and the material is rather sturdy and not too thick or thin, it holds up to a regular wash just fine. Another word to it's durability, is it held up to exercise in high humidity heat and didn't tear or rip with heavy lifting, all in it is quite stretchy and very suitable for exercise.",2026-07-11
B0CVRK1RZK,MK9028A0XL-B91,美国,2,Not Enough Support,"I’m 5’7.5”/ 200lbs/ 36G and there was no support with this garment and the cup size did not provide enough coverage. It was comfortable and easy to put on but if you’re looking for something with more tummy control and full coverage, if you decide not to wear a bra, this is not the garment for you.",2026-07-11
B0CM69VC3Y,AA1110B00L-B91,美国,5,Been using these for years and love them!!,"I've been purchasing these for years. I didnt buy them for it's intended purpose. I have horrible posture and this forces me to sit up straight.  I do have sensitive skin so I have to wear a thin tank top underneath. I am also on a weightloss journey and it has done what it needs to do. Ive bought a 3x,2x,xl large and now waiting on a medium",2026-07-11
B0CLRSVRSQ,AF8136A00F-B72,美国,5,Excelente calidad,My buena no molesta una contextura muy suave,2026-07-11
B0CGX2Y1TK,AB2188C00L-B91,美国,3,Nice Bra but check it.,"This is a nice bra. I bought this to transition from my mastectomy bra from surgery. I really like the bra however, the clasp closure underneath the zipper is actually stitched shut. I had to return.",2026-07-11
B0CBLMVGLJ,AF8136A00F-B91,美国,1,Not useful,I thought this had foam. It does not. I had surgery and was really waiting for this and it doesn’t have any foam.! Now gotta order another one. Just waiting money.,2026-07-11
B0C9ZS159B,AA1110B00M-B53,美国,3,Budget friendly,I like the option of being able to zip it up or clamp it up after several washes it shrinks and leaves major indentation around your back and belly,2026-07-11
B0BVTZ97ZV,AD6414CLXL-B91,美国,5,Actually works,"I used this compression sleeve for post arm lipo. The material, support, and fit was perfect. I’ve washed it serval times and the sleeve shrinks back. My sleeve still looks brand new.",2026-07-11
,AD6414ALXL-B91,,,,,
B09WHM7LL6,AG2175A008-Z001,英国,1,Worst ever,"Then worst covers I ever used, the slip and fall off with an hour, don't wait your money",2026-07-11
B09ST8BNMN,AC310910300M-B72,美国,5,Absolutely great buy!,Perfect for my loose fit big legged pants. I had a little curve which made the outfit more appealing.,2026-07-11
,AC3109B00M-B72,,,,,
B09N3SX9LL,AC3184B00M-B91,日本,5,ジムに最高！,157cm52kg下半身太めですがMで大丈夫でした！履いた瞬間からジワーっと暑く、ジムで身体動かしたらめちゃくちゃ汗だく、値段以上にいいお買い物できました。毎回履いてジム行くのが楽しまになりました。,2026-07-11
B08T22CLTD,GN621910300M-B91,日本,5,使用感,効果あるのかはわからないけど、締め付け感やお腹がこのなかにおさまっている感覚はちゃんとあります！そこまで苦しくなることもないのでわたしはつけっぱなしにしたりしてます,2026-07-11
B08M5ZYDZP,AA1037C0XS-B72,英国,3,Waist trainer,"It’s very painful, I tried it for a few minutes. It’s not for post  surgery definitely",2026-07-11
B0817JCVBZ,883C-B-L,法国,5,Junlan  Gaine Amincissant,"Excellent gaine amincissante la matière  est de très bonne qualité, je suis très satisfaite.",2026-07-11
B07S9YVMC9,AC30769832XL-B91,法国,5,1m85 120kg,"J'ai pris le format 3 xl ,correspond bien à ma taille .Attention de ne pas prendre trop petit au risque de vous retrouver trop serré.Je ne trouve pas si amincissant mais efficace pour les poignées d'amour ,en plus cela maintient la graisse si vous faite du sportPetit bémol ,avec les bas de survêtement votre pantalon a tendance a glissé du a la matière du cale?on",2026-07-11
B0H44D7CGC,AD6826A-17-2XL,美国,5,Structured Strapless Design with Detachable Straps,"This strapless shapewear bodysuit has a really structured and well-designed look. The lace detailing gives it a more elevated appearance, making it stand out from more basic options.The underwire provides support and helps maintain the shape, especially with the strapless design. It keeps everything in place and gives the bodysuit a more defined, polished structure.A great feature is the detachable straps, which give you flexibility in how you wear it. You can keep it strapless or add the straps for extra support depending on your outfit.The overall design is clean and holds its shape well, making it easy to wear under different styles or even as part of an outfit.Overall, it’s a well-made bodysuit with a structured fit, supportive design, and the added versatility of detachable straps.",2026-07-10
B0H2H2VPQ9,AB2439A-70-M,美国,5,Good supportive bra,"I recently tried the BRABIC Zipper Front Closure Bra after my surgery, and it has been a game changer. The compression is just right, providing the support I needed without feeling too tight. Plus, the wide straps are really comfortable, which I appreciated during my recovery.Putting it on is a breeze thanks to the front zipper, and I love that it offers full coverage. It feels like it was designed with post-surgery needs in mind. Overall, this bra has made my recovery process much easier, and I would definitely recommend it to anyone looking for a supportive option.",2026-07-10
B0H2GR7M5M,AB2439A-91-M,美国,5,Great support,"Gets the job done.This bra is great for support if you're post surgery or even using for the gym. In my case it helped with keeping everything secure during my cycle and the tenderness it brings. I slept with it on with no discomfort. The material is stretchy and soft. It does not have padding but it is not thin so you can't see anything through a shirt. The cup does seem to run small though, so if you want a less tight fit around the chest, size up.",2026-07-10
B0H28MBL1G,AA1133A00L-B53,美国,5,Easy to put on and comfy!!!,I absolutely love this waist trainer. It’s so quick and easy to put on. If you are not a fan of a lot of bra hooks this is the trainer for you!! The extra band that goes around the waist instantly supported my back which has been giving me trouble. That material is soft as well. I will need to order more of these.,2026-07-10
B0H25LZN47,AC3597A-72-2XL,美国,4,Mini BBL vibes But Rolls Down & Runs Small,"I wasn't quite sure what to expect with these, especially since I didn't realize they included padding. I normally avoid padded shapewear because I already have curves, so I honestly laughed when I opened the package. After trying them on, though, I was a little surprised.These definitely lifted my booty, and the padding wasn't bad, but you do have to adjust it once it is on.  The lifting effect combined with the padding actually rounded out my booty and made my already big butt  look even bigger (in a good way!).I did run into a couple of fit issues too. I purposely sized up because I prefer less compression with shapewear, but these still felt very snug, especially around my thighs. The shorts left little red lines on my thighs after hours of wear. Also, the waistband kept rolling down while wearing them, which is one of my biggest frustrations with shapewear in general. I prefer the shapewear that has the metal or other rods, but this one only has that like sticky tape looking material which clearly does not work on my skin so I'll only be able to use these under non fitted tops or like flowy dresses and such.Overall, I think these do exactly what they're designed to do by smoothing and enhancing your shape, and I was much happier with the padded design than I expected. I just wish the waistband stayed in place better and it wasnt so tight. If that isn't a concern for you, at least size up.PS I turned the underwears inside out so you can see the padding in the pic & I wanted to give these a 3.5 but that isn't an option so I rounded up :)",2026-07-10
B0H11GXP6R,,德国,5,Perfekte Gr??e und hervorragende Passform. Wooooow ??????????????,"Ich bin sehr zufrieden mit diesem Kompressions-BH. Er ist angenehm zu tragen, sitzt sehr gut und gibt der Brust einen festen und sicheren Halt. Die verstellbaren Tr?ger sind praktisch und sorgen für einen bequemen Sitz. Das Material fühlt sich weich an und drückt nicht unangenehm. Ich würde ihn jederzeit wieder kaufen und kann ihn nur weiterempfehlen.",2026-07-10
B0GZG7WP8G,ND6762A-91-2XL,美国,5,Comfortable Compression,"This shapewear bodysuit is a game changer! It provides great tummy control while still being comfortable enough to wear throughout the day. The fabric is soft, stretchy, and breathable, and the fit gives a smooth, flattering silhouette under dresses, tops, and fitted outfits. I love that it helps create a more polished look without feeling overly restrictive. The design feels supportive and well made, with great compression in all the right areas. It stays in place and gives me the confidence boost I was looking for. Definitely a great addition to any wardrobe!",2026-07-10
B0GY4LWKVD,AB2252A00L-B70,法国,3,Soutien-gorge post et sportif idéale à porter à la maison,"Ce soutien-gorge post-opératoire est confortable et de bonne qualité , il faut toutefois choisir la taille avec soin pour éviter qu'il ne déforme la poitrine tout en restant agréable à porter.Le seul bémol, ce sont les bretelles qui me gênent un peu , si j'essaie de les ajuster, le maintien ou la tenue du soutien-gorge cest pas le même —J'apprécie la fa?on dont il corrige parfaitement ma posture.Il rend très bien sous une chemise, mais le rendu est désastreux avec des vêtements moulants en raison des coutures ou des plis situés à l'avant.à mon avis, il est idéal pour être porté à la maison.Emballé dans un sac plastique et livré très rapidement ??",2026-07-10
B0GVPG11ZL,AB2436B-91-M,美国,5,Great quality,Brought wrong size had to return it but the quality If the bra is great,2026-07-10
B0GVP46GPP,AB2436A-72-XL,美国,4,Irritation,The zipper part on the bottom rubs against the skin,2026-07-10
B0GVK9Q74D,AD6945A-91-S,美国,1,Bad marerial,Not the same fabric as the other products,2026-07-10
B0GQBCTHG7,,意大利,3,"Buona compressione per l’uso quotidiano, ma attenzione alla vestibilità","Ho provato questa canotta contenitiva da uomo per valutarne la qualità, la comodità e l’efficacia durante la giornata e durante l’allenamento. Il materiale è tipico dei capi modellanti: una miscela elastica che offre una buona compressione sull’addome e sul torace, senza risultare eccessivamente rigida. La sensazione iniziale è quella di un capo ben aderente, pensato per chi vuole un supporto discreto sotto le magliette o durante l’attività fisica.La traspirabilità è adeguata: anche dopo qualche ora non ho avvertito fastidi particolari, e le cuciture non irritano la pelle. La compressione è presente ma non “miracolosa”: aiuta a contenere la zona addominale e a migliorare la postura, ma non aspettatevi un effetto snellente drastico. Per chi cerca un capo da indossare quotidianamente, può essere una buona scelta.La vestibilità è il punto più delicato: tende a calzare piccolo, quindi consiglio di valutare una taglia in più rispetto alla solita, soprattutto se si ha un torace ampio. Nel complesso è un prodotto valido per chi vuole un supporto leggero e discreto, ma la scelta della taglia è fondamentale per evitare eccessiva pressione o difficoltà nell’indossarlo.",2026-07-10
B0GKP5RZ3H,AD6891A-91-L,美国,4,"Pretty good, but it curls","good value, soft, great compression. the bottom started curling within 5 wears, which is disappointing. i bought a large, i typically fit band-38 cup-bb, and it fit perfectly. If you have larger breasts you may want a size up.",2026-07-10
B0GKP3SGRS,AC3609A-72-XL,美国,1,Way too big,Did nothing at all.No tucking ? No liftingMaybe buy 2 sizes smaller than you think you need,2026-07-10
B0GK76XDKZ,AC3274A00M-B72,美国,5,Runs a little small - but has good structure,"Runs a little small, good tummy control, fits well and stays in place.",2026-07-10
B0GJT6W344,AD6607B00M-B91,美国,5,Nice Control,"Great product comfortable, and has adequate control without squeezing, especially at the edges so it doesn’t make rolls",2026-07-10
B0GJSRSK7V,KC3184B2XL-B91,美国,5,Durable and comfortable,"Love these sauna pants! They fit comfortably, help me sweat more during my workouts and walks, and are easy to clean. The material feels durable, and they stay in place while I move. If you’re looking to boost your sweat sessions, these are definitely worth trying! Make sure to size up as these do stick to you!",2026-07-10
B0GHNJH1J8,AD6383B3X4-B91,美国,5,not impressed,i specifically looked for shape wear that had a longer leg coverage and was a one piece to wear to an event and i feel tricked this piece practically has no legs like the picture showed and i dont have time to order a replacement.ps i tried it on and legs are long enough i love it lol sorry,2026-07-10
B0G5MPH8JF,AD6821A-91-M,美国,5,Great product,Great for smoothing but little for compression. Item arrived on time and just as described. Satisfied customer!??,2026-07-10
B0G4L9ZS2W,ND6854A-91-3XL,美国,4,Nice fit,The fit is nice in the shoulders and neck no riding up over the gut and the belly,2026-07-10
B0G2QL5PWH,BB2411A-91-M,美国,4,Good quality,"Nice for recovery after mastopexy surgery. Would have been 5 stars but the hooks on the straps should have been in the front, not the back for easier access when swollen",2026-07-10
B0FY7CDWZM,AB2250B00S-B70,美国,5,Comfortable and pretty,Very pretty and fits great. It is not very tight but offers great support. Fabric is also very fresh. Very confortable!,2026-07-10
B0FX44Z1JZ,AA1107A00L-B70,法国,5,Tient ses promesses,"Produit de bonne qualité qui tient ses promesses, très bon maintien du dos également. Très satisfaite. Je recommande.",2026-07-10
B0FVDQCF3J,AD6847B-91-XL,美国,2,I'm not impressed,I ordered small size they give me medium now it's not shaping the way I want,2026-07-10
B0FPXB62RQ,ND6815A-91-XL,美国,5,I use for compression due to lymphedema .,"Quite comfortable. Washes well, I hang dry. I don’t personally wear a bra underneath and it doesn’t rub or feel unsupportive. I have bought these a number of times and different colors. Normally wear under my uniform and feels decent most of the day.",2026-07-10
B0FNWKG8Z9,AB2252A00M-B72,美国,1,NOT comfortable to wear!,Hated it! Returned it right away!,2026-07-10
B0FND9C7BZ,AA1166A-11-M,美国,5,Comfortable,Obsessed with the pink color option! And very happy with this waist trainer as it’s comfortable and doesn’t dig in my sides like others I’ve tried.,2026-07-10
,NA1166B-11-M,,,,,
B0FMK12SS4,AD6778A-72-L,美国,5,Fit is great and comfortable to wear all day.,"Great quality, fit is true to size and very comfortable. Love it.",2026-07-10
B0FLQ18J1M,ND6770A-91-M,美国,5,Doesn’t last long but does the job,Love it but the clamps break easily,2026-07-10
B0FHGZK9GT,JD7092B-53-M,美国,5,100% recommend,"Great to work a sweat, helps with posture as well. Coverage is ok, leaves a little skin out— about an inch for a medium. My size is between mediums and large. When sitting down waist trainer down not bend or crease keeps abdomen straight. Great material as well. Pretty thick",2026-07-10
B0FFB99WYS,AD6727A-91-2XL,美国,4,Using the restroom.,"They show this suit being put on over your underwear, not a good idea.If you put the suit on right and then make sure it's adjusted to where it really fits close in the crotch. Area, then puts your underwear on, then you won't have any issues using the restroom. If you put this suit out over your underwear, forget about ever using the restroom.",2026-07-10
B0F635467L,AB2187B00L-B91,美国,5,Post Surgery Compression Bras for Women,Post Surgery Compression Bras for WomenThese post-surgery bras are the most comfortable I could find for my recovery after a breast lift with implants. It has good compression. The material is soft and the size runs perfectly. Very easy to use put on and take off,2026-07-10
B0F632RHDG,AB2187B00L-B72,美国,4,Works great.,Did the trick post surgery.  I took off one star because some of the snaps bent after a months wear.,2026-07-10
B0F5Q9FVFW,AG3387A0XL-B91/B72,加拿大,5,Buy it!,Has a wide band and it's not too tight.  It also includes some boning at the right places. I usually am a size large but bought xlarge. Super happy. Breathable and doesn't squish into your thighs.,2026-07-10
B0DZGRK2Z6,AD6432A0ML-B91,加拿大,4,That's all?,I ordered two of these and was disappointed.Neither one had the nice looking woman in there.I quite sad.,2026-07-10
B0DXVSP67J,AA1107A00S-B72,美国,3,No se queda en lugar,"Mala calidad , no gasten su dinero es esto",2026-07-10
B0DSSRXPVC,AD6614A00M-B72,美国,4,Good!,"It does the job! My only complain is that it bunches up and will go above my belly button. Not noticeable to others but a little uncomfortable to me. Besides that, it’s great.",2026-07-10
B0DSSQPDS6,AD6614A2XL-B27,美国,5,Perfect buy! ??,Great length and fit! I weigh 210 and ordered 2X. It’s soft and comfortable. Also looks good.,2026-07-10
B0DSKWW21Z,AC3390A0XL-B72,美国,1,Too big,Buy smaller than you think you need.I am 177 and 5ft 6.5 in and a size 12 with large butt and hips and the xl did nothing at all. No tucking or lifting.,2026-07-10
B0D96B5TNY,AA1153B00L-B91,美国,5,Great For Back Support,"I didn’t buy this as a waist trimmer, but rather for back support. I have a consulting business where I provide instruction on security related issues, so I’m on my feet for extended periods. Too much running over the has contributed to lower back pain, so standing for longer periods can cause aggravation. This actually helps tremendously by providing much needed support while in standing and giving classes for extended periods. Great product!",2026-07-10
B0D7VJFZGY,NA1107A00M-B91,美国,5,Good quality,Great compression and it’s not uncomfortable,2026-07-10
B0CP24LCPV,AC3355B00M-B91,美国,5,"Back suppprt, ingunial hernia support, sensory input","I love these. I have a few others but these offer the best support. I'm just shy of 5'8, 148 pounds, waist 30-32 (depending on brand), and I wear medium underwear. I purchased 2 of these at the same time, both mediums, and it's true to size.I've had back surgery, I have several herniated discs, arthritis, and spinal stenosis. I prefer these over my back brace. I also had inguinal hernia repair in my 20s back in 2013. The mesh causes a lot of pain. These offer more support than any hernia belt I've tried and feel even better than my previous shape wear.I have a small frame but I was formally obese. I've had the weight off since early 20s but my skin was only slighlty loose. I gained about 70 pounds, and lost it, in my early 30s but this time my skin didn't tighten back up. These flatter my figure really well! It helps to see my image in the mirror and how thin I truly am. It has helped with body dysmorphic thoughts.I'm also on the spectrum and the constant pressure is so reassuring. On intense days I'll wear these, a compression top, blast my ac, and go under my weighted blanket. I'm asleep in 5 minutes.I will say they are very stiff at first and can be uncomfortable. I had to take them off and thought about returning them but I liked some aspects. After a few washes (always air dried) they are perfect. I ordered 2 on June 8th 2026 it's now July 10th qp26 and I'm ordering 3 more.",2026-07-10
B0CJ9C394W,AA1085B00M-B91,美国,1,Poor quality,Poor quality thin and did not help,2026-07-10
B0CHRS9PPW,AD6507A0XL-B70,美国,5,Nice fabric,"Runs super small! Very good quality, but I had to return it.",2026-07-10
B0CH4NKZNH,AB2186B00L-B91,加拿大,5,Très confortable,Très confortable après une chirurgie,2026-07-10
B0CBK64Z2D,AB2186B2XL-B91,美国,5,Excellent fit.,"I love this bra.Best bra I’ve had ever.It draws me up, and in.Lots of hooks, but well worth it.I order a size below what I wear, and it’s a great fit.Happy I’m not saggy anymore.",2026-07-10
B0C3H9L3PN,AB202709300M-B71,荷兰,2,Dit is geen post operatieve sport bh,"Dit is geen sterke post operatieve sportbeha. In vergelijking met de BH die je vanuit de kliniek krijgt is dit een normale sport BH, dus als je op zoek bent naar een post operatieve BH zou ik toch voor de wat duurdere/van kwaliteit opties gaan.",2026-07-10
B0BJKCTQRL,AB2168A0XL-B72,美国,1,Not good for my situation,Didn’t work for me. Rolled up and cut under my breasts. Returned,2026-07-10
B09KBZ6Q2C,AD61591012XL-B91,法国,3,Trop large,Taille trop large,2026-07-10
B08YW858Y7,AC31141033XL-B91,加拿大,1,Not as advertised,I was expecting bigger hip pads based on the images. The pre-sewn padding pockets are too small to use different pads and the top rolls down unless you hike it up to your boobs.,2026-07-10
B08WRBLCX4,KC31641032XL-B91,美国,1,No Good,Waste of money I wish I would’ve opened them up sooner than I did cause they will be back at the store where it came from??,2026-07-10
,AC3164B2XL-B91,,,,,
B08WR9N7ZQ,KC316410300L-B91,美国,1,Ick,Terrible item. Not as described. Material has a strange smell and texture. Shorts are so thick it feels like a wetsuit and doesn’t flow with your natural movement,2026-07-10
,AC3164B00L-B91,,,,,
B08MDW3W8C,AD6189CXSS-B91,美国,4,Would still use,"The top is comfortable and has a nice seamless feel, but it wasn’t as flattering as I expected. The fit was a little different than I hoped, and the material could be better quality for the price. It’s still a good basic piece, but not a favorite.",2026-07-10
,AD6189BXSS-B91,,,,,
B089CKY5TW,JD6150B00L-B91,美国,2,"Small fit, will roll up","Runs incredibly small. Ordered a large, fits like a small. I’m short with a short torso yet it doesn’t go far enough down.If you have any sort of backside, this will roll up if you are doing any exercise like cycling, even if tucked into pants. It’s incredibly annoying.That being said, I sweat really nicely in this.You’re better off getting a sweat belt with Velcro that can be adjusted.",2026-07-10
,JD6150C00L-B91,,,,,
B089CJ5YK7,JD6150B00M-B91,美国,1,Save your money,Does not fit well save your money,2026-07-10
,JD6150C00M-B91,,,,,
B07R8HHD4Y,AA102098300L-Q91,法国,5,Fait son travail,Fait le taf,2026-07-10
B07P9YX2K3,12008C-B-2XL,德国,5,Rutscht nicht hoch sitzt genau da wo es soll.,Ich bin 2 Nummern schlanker.Kann ich nur empfehlen.,2026-07-10
B07KF61W2N,6601-B-M,美国,2,Not comfortable,Not comfortable to wear all day.,2026-07-10
,6601B-B-M,,,,,
B07DVWN17P,AD60449834XL-B91,美国,5,Good items,Love the way it fit n the way it feels good and really holds  everything in place,2026-07-10
,AD6044B4XL-B91,,,,,
B0H41FN98H,JD7092B-53-S,法国,5,Corset Minceur Femme.,"-  Le Design, reste confortable, que l'on peut se vaquer à diverses, activités: sport, travail, taches ménagères,...sans problème, et sans désagrement particulier.- Le rapport qualité prix reste abordable, et je recommande ce problème.",2026-07-09
B0H3PX3J91,AD7081A0XL-B53,日本,4,汗をかきたい運動時には便利。ただし暑さ対策とサイズ選びは重要,[Sawaiko]のサウナベストを試してみました。タンクトップ型のサウナスーツなので、通常のサウナスーツよりも動きやすく、ウォーキングや軽い筋トレ、有酸素運動のときに使いやすいタイプです。上からTシャツを重ねても目立ちにくく、運動着の下に仕込みやすい点は便利でした。着用すると体まわりに熱がこもりやすく、短時間の運動でも汗をかきやすい印象です。特に腹部から背中にかけて蒸れる感じがあり、「汗をかくためのウェア」としては分かりやすい使用感でした。ただし、汗をかく量が増えるぶん、暑い日や長時間の使用では負担も感じやすいです。水分補給をしながら、無理のない範囲で使うのが前提だと思います。素材は一般的なタンクトップより厚みとハリがあり、体に密着する着心地です。ゆったり着る服ではないため、サイズが合わないと動きにくさや締め付け感が出る可能性があります。普段の服のサイズだけで選ぶより、胸囲や腹囲を確認して選んだほうが安心です。洗濯できる点は扱いやすく、汗をかく用途では助かります。ただ、使用後はかなり湿気が残るので、すぐに干して乾かしたほうがよさそうです。毎日使うなら、乾きやすさや替えの必要性も考えておくとよいです。減点ポイントは、暑さがこもりやすく長時間使用には向かない点、サイズ選びがややシビアな点で合計1点減点しました。発汗目的の運動補助ウェアとしては実用的ですが、これだけで体型変化を期待するというより、運動時に汗をかきたい人向けの商品だと思います。,2026-07-09
B0H2GV28Z6,AB2439A-91-L,美国,5,Super comfortable & VERY supportive,Received it very quickly. Seller is super attentive and helpful. This bra is extremely comfortable (way more than I anticipated). It provides great support. I’m a 38D and I ordered a large and it fits perfectly. Would definitely purchase again.,2026-07-09
B0H28KSPWT,AC3575A-72-S,加拿大,5,"Correct, comfortable sizing; soft, good lift; Beige = peachy Fitzpatrick type II","I picked these tights in the Beige colourway so I could test their match with my skin colour, Fitzpatrick type II (brown eyes, pink skin, tans with difficulty). They turn out to be a good match, but a bit peachier than my pink skin. Under more opaque outfits, that doesn’t matter at all, but even sheer ones aren’t too bad.In terms of sizing, I picked them in Small (waist: 26.7”-29.1”, hips: 37.0”-38.5”) based on my hip size of 36.0”, below the range, and waist of 30.0”, above the range. That turns out to be correct for a comfortable fit, as they are very elastic and body-conforming. Order according to the size chart, and take its tip if you’re between sizes.The padding for the buttocks is very comfortable, whether sitting or laying down, or even in tighter outerwear like jeans. It’s 1 cm (0.4”) thick or so, so it’s quite subtle but still effective, and on my body, it’s 5 cm (2”) above the buttocks, which is good for lifting. It doesn’t seem to scrunch up all in one area, like the bottom or the middle, and it being non-removeable means you can wash the shapewear without worrying about the padding at all.The shapewear looks good under body-conforming outfits, though it shows a slight line where the lace is on the top and bottom as well as the vertical seam running down the middle of the front. Because it doesn’t have a gusset on the inside, it should probably be used with panties, ideally seamless to keep with the shapewear’s slight lines.",2026-07-09
B0H1LB1K47,AD6947A-91-2XL,美国,5,Perfect compression tank top,Just the right amount of compression in the midsection. The silicone at the bottom helps it stay in place. I have a larger chest and it didn’t feel overly tight as other compression tanks have. Comfortable enough to wear all day,2026-07-09
B0H1KY9275,AD6458A00L-B91,美国,5,"Comfortable, flattering, and surprisingly supportive!","I was pleasantly surprised by this Gotoly shapewear bodysuit. The material is soft, stretchy, and seamless, so it feels comfortable enough to wear for several hours without feeling overly restrictive. It provides nice tummy control and smooths everything out under clothing while still allowing me to move comfortably.I really like the square neckline and short sleeves because it looks more like a fitted top than traditional shapewear, making it easy to wear with jeans, skirts, or dress pants. The snap closure is convenient, and the fabric doesn’t roll or bunch up during the day.My only suggestion would be to carefully check the sizing chart. If you’re between sizes, you may want to size up for comfort since it offers firm compression.Overall, this bodysuit gives a smooth, flattering silhouette and is a great value for the price. I’d definitely recommend it to anyone looking for comfortable everyday shapewear that can also be worn as a stylish top.",2026-07-09
B0H1KQT32C,AD6947A-91-L,美国,5,Best one so far!!,"I love this one!!  It's very forgiving and much easier to breathe in than some of the compression tanks I've worn.  True to size.  Black color doesn't show what's under, opaque ??.  My favorite so far!! ??. It also looks much more like a casual tank top than some of the others, with the lace.",2026-07-09
B0H14YCBVX,AC3627A-91-L,美国,5,light compression,"I have been wearing shapewear since my early twenties. Back then I didn't need it for shapewear, but it made me feel more put together. I would later find out I have hypermobility and more than likely that is the reason I have always been drawn to shapewear for the support. Now after 4 kids and in Peri my body had definitely went through changes and I feel the need for shapewear even more. I have always purchased the more expensive medical grad shapewear so it was a little different going to this one. It doesn't have the same support as I am used to, however it does offer a little support and will help smooth things out. The waist is high which I like. The legs do not ride up or roll on me. They are light weight and do not make you feel smothered in them. They won't make you look snatched, but they will make you feel more put together.",2026-07-09
B0GY4BQCF5,,德国,3,Qualitativ eher durchschnittlich.,"Dieser Sport- oder postoperative BH ist zwar eine gute Idee, aber die Gesamtqualit?t würde ich als eher durchschnittlich bezeichnen.Der erste Eindruck des Produkts war eher durchschnittlich und bei Weitem nicht so beeindruckend, wie es eigentlich erwartet und versprochen worden war.In der Beschreibung und auf den Bildern wirkte der Artikel sehr interessant und vielversprechend, doch in der Realit?t ist die Qualit?t meiner Meinung nach deutlich schlechter, als es die Fotos hier vermuten lassen.Auch die Qualit?t des Stoffes wirkt auf mich nur durchschnittlich.Die Verschlüsse sind allerdings gut platziert und wirken qualitativ hochwertiger, doch der Stoff selbst überzeugt nicht.",2026-07-09
B0GXV6PX13,,西班牙,5,???? Ajuste invisible | Efecto moldeador | Comodidad total,"Esta camiseta de tirantes de compresión es de esas prendas que, cuando te la pones, notas el cambio al instante. Ajusta bien al cuerpo y ayuda a disimular los michelines sin resultar incómoda.Lo mejor es que no se nota que la llevas puesta debajo de la ropa. Queda discreta y hace su función sin dar calor excesivo ni agobiar.??? LO MEJOR? ?? Compresión efectivaMoldea la zona del abdomen y estiliza bastante la figura.? ?? Discreta bajo la ropaNo se marca ni se nota, perfecta para uso diario.? ?? Cómoda y ligeraNo aprieta en exceso ni resulta agobiante.? ?? Buen ajuste al cuerpoSe adapta bien sin hacer pliegues raros.? ?? Efecto inmediatoTe la pones y ya mejora el aspecto.??? A MEJORAR (POR DECIR ALGO)? ?? Cuesta un poco ponerlaNormal en prendas de compresión.? ?? En verano puede dar algo más de calorAunque es bastante llevadera.??? CONCLUSIóNUna prenda muy práctica si buscas verte mejor sin complicaciones.Disimula, ajusta y encima es cómoda para el día a día.?? Ideal para llevar bajo camisetas o camisas y ganar un plus de confianza.?? De esas cosas que pruebas… y luego no quieres salir sin ella ??",2026-07-09
B0GXTWCR4S,,德国,4,Verdammt eng!,"Das Shirt sitzt wirklich extrem eng. Das ist fast noch untertrieben.Beim ersten Anziehen musste ich schon ordentlich ziehen und dachte kurz, ich h?tte die falsche Gr??e bekommen.Vorallem weil es sich beim anziehen zum Teil zusammen rollt. Wenn es dann sitzt, merkt man aber direkt, dass genau das gewollt ist. Der Bauch wird sichtbar etwas gegl?ttet und das Shirt liegt eng am K?rper an.Unter einem normalen T Shirt f?llt es kaum auf und die Figur wirkt etwas gerader. Für l?ngeres Tragen muss man sich allerdings an den starken Druck gew?hnen. Wer zwischen zwei Gr??en schwankt, sollte lieber die gr??ere w?hlen. Glaubt mir!Die Verarbeitung macht einen guten Eindruck und das Material fühlt sich angenehm an. Einen Stern ziehe ich ab, weil die Kompression für meinen Geschmack schon fast etwas zu stark ausf?llt und es diesen typische  Chemiegeruch beim Auspacken hatte.",2026-07-09
B0GVNFM8HH,AB2188C00M-B91,英国,5,Exactly what I needed,"The product is absolutely beautiful, I will say size up if you are fresh out of surgery. I love the fact that you can tighten from the top of the strap. It is super comfortable",2026-07-09
B0GTKTWFLW,AB2188C2XL-B91,法国,5,"Efficace, agréable à porter, excellent rapport qualité-prix",Soutien-gorge post opératoire qualitatif et plus agréable à porter que ceux vendus très chers en pharmacie,2026-07-09
B0GTKTWFLW,AB2188C2XL-B91,法国,2,Pas de soutiend,Moyen,2026-07-09
B0GTKPQSYB,,西班牙,5,Compresión media y recoge el pecho muy bien,Recoge el pecho muy bien,2026-07-09
B0GQGS6JJF,,法国,1,non,"J'ai trouvé exactement le même produit beaucoup moins cher sur des sites chinois. Pour les 18 � demandés ici, on peut en acheter au moins quatre.Le produit est même emballé exactement comme ceux vendus sur les sites chinois. à ce prix-là, je ne recommande pas cet achat. Saul difference, la rapidites de livraison mais mon porte feuille passe avent !",2026-07-09
B0GKG8MFFK,ND6928A-11-XL,美国,5,Comfortable Support with a Great Fit,"This waist trainer provides a good amount of compression while still being comfortable enough to wear for several hours. The adjustable straps make it easy to customize the fit, and it stays in place without constantly rolling or shifting throughout the day.The material feels sturdy and supportive, and it creates a smoother look under clothing without feeling overly restrictive. I also appreciate that it's breathable enough for everyday wear. Overall, it's a well-made waist trainer that offers great support and a flattering fit.",2026-07-09
B0GK7KYW3Y,AC3274A2XL-B91,美国,5,GET THIS NEOWWWW!!!,"Absolute Game Changer! I am completely blown away by this shapewear. Finding pieces that actually work without cutting off your circulation is nearly impossible, but this one hits the jackpot. It hugs every curve perfectly right. It feels restrictive and secure, yet causes zero pain or discomfort. It completely smooths out love handles and creates a beautiful, defined waistline. It acts like an instant filter for the thighs, and smooths out cellulite. The fabric moves with you and doesn’t roll down or dig into your skin. I hate that, but I love this!  You can wear this for hours under any tight dress and still breathe comfortably. If you want to feel completely held in and smooth and look snatched and sexy asfff buy this immediately!",2026-07-09
B0GJT6S6XN,AD6607B2XL-B91,美国,5,So soft!!,"Soooo soft! The material is super soft and stretchyDefinitely wear underwear or else you’ll get a camel toe like shown in picNot wearing a bra, don’t think you really need one unless you want too.Super soft and it’s actually super cute. If you style it correctlyTrue to size",2026-07-09
B0GBVC4RPH,6601B-B-3XL,美国,5,I love this shapewear,"I absolutely love this shapewear! It provides amazing tummy control without feeling too tight or uncomfortable. It smooths everything out, stays in place all day, and doesn't roll down or dig into my skin. The material is soft, breathable, and comfortable enough to wear for hours. It gives me a more confident, streamlined look under dresses, jeans, and everyday outfits. I would definitely recommend it to anyone looking for comfortable, effective shapewear!",2026-07-09
B0G6Y54SBN,AA1172A-91-M,美国,1,Sinturilla de posparto,Muy peque?a para la calla eleji una M pero llego como xs es mas tube que devolver,2026-07-09
B0G6XZX1W2,AD6882A-91-S,美国,2,Support,Not enough lift,2026-07-09
B0G58VBGZC,AD6784A-91-XL,美国,5,Perfect feeling compression shirt,Been working out and thoughts were mixed on this compression shirt.  Perfect buy. Mine is an XL. How do you thing its looks?,2026-07-09
B0G51XDVQ8,AD6044B3XL-B91,美国,5,Quality,Perfect quality not too thin just the right material for medical or workout purposes.  Very breathable.,2026-07-09
B0G4L8Z5XF,ND6854A-91-2XL,美国,1,Don’t waste money on this,"First off, this (compression) shirt did not hold up. It lost its elasticity after first use. It is also way to short, tends to roll up constantly",2026-07-09
B0G2QM5WTS,BB2411A-72-L,美国,3,"Good support, strap adjustment could be better",I like the front closing but the straps use hook and eye closures which don't always stay hooked.,2026-07-09
B0G2QM126W,BB2411A-72-3XL,美国,3,Runs big,Runs a little larger,2026-07-09
B0FX3LLNYM,ND6763A-91-2XL,美国,5,Very satisfied ??????,"This product is fantastic and incredibly well-made. Beyond its main use, its multifunctional design handles several different tasks perfectly, making it an absolute lifesaver.",2026-07-09
B0FV8N4LJW,AD6526B2XL-B91,美国,5,Great for price,"Great fit for price, a little uncomfortable under the arms by the end of a long day",2026-07-09
B0FLQ5XHZ1,AD6770A-71-L,美国,3,Insatisfecho,No es lo que esperaba no se ajusta y la parte de atrás cuando te sientas se sube horrible y te hace una grada que no la recomiendo,2026-07-09
B0FKBP63GG,AD6573B00M-B72,美国,5,Great for Dresses,I got a medium size and it snugged everywhere just right. I am 5’5 135lbs Cup size C and fits snug and tight where you want it.,2026-07-09
B0FH289HLB,AC3293C00S-B91,美国,5,I FORGOT ABOUT THE (PICTURE) because I Was Too EXCITED TO TRY IT ON! I’m Sorry ??,THANK YOU AMAZON???????????? JUST THE RIGHT SIZE!!????????????!!!,2026-07-09
B0FCR6ZXZB,AC3366A00S-B91,英国,1,Don’t waste your money,"I had a pair of these before and they lasted a few months before ripping apart at the bottom area and so I bought another pair, I’ve only worn them a few times and they have ripped in the exact same place. Rubbish quality",2026-07-09
B0FCR3VHT7,AD6665A4XL-B91,美国,1,Runs Very Small,I always wear a 2X. I ordered a 4X but I could barely get it on.,2026-07-09
B0F8QB8Y2Q,AD6189D0ML-B91,美国,5,Awesome material,Perfect fit well worth the money,2026-07-09
B0F677F69Y,AD7065B00L-B63,美国,4,The back is low so it will show your bra,"Love the material, the stretchiness of the fabric, the thickness and the color. Only thing is, the back is so low that you can't wear your normal bra with this item. You can definitely see your back bra strap. The arms are also a little loose, so they fall over your shoulder and again, exposes your bra straps. If you go without a bra, you can see your areolas because the material is thick, but not enough to prevent those from peeking through.",2026-07-09
B0F4N2N3ZQ,AC3330B00L-B53,美国,1,Runs small,"Runs extremely small! Ordered a large and couldn't even get it over my thighs, I'm a size 8-10.",2026-07-09
B0F4DJ85KZ,AB2188C00M-B27,美国,3,Tough Zipper,I bought this for after shoulder replacement.  But it is too difficult to zip up.,2026-07-09
B0DXPYWHWP,AB2259A00L-B72,加拿大,4,Comfortable and as Shown,"Good bra, be sure to wash it well before use (it smells of chemical) and wash it in a laundry bag as the velcro straps catch on other items in laundry.  It has a good wide coverage of fabric.  Not the most supportive but comfortable nonetheless.",2026-07-09
B0DSSQ564C,AD6614A00M-B91,美国,1,Blahhh,It was just a thicker cami. Doesn't hold anything in. Very disappointed,2026-07-09
B0DSBXDZ7Z,AB2250B00L-B70,美国,5,The best compression bra I've had,These are the best of all the compression bras I've tried.  The front snap closure is great. Never any problems with it. There's no strap adjustment but I didn't need it.  I bought several more in other colors.,2026-07-09
B0DGX7DCNX,AB2246A2XL-B70,英国,3,Purchase elsewhere,Very thick material.I feel the support bands are not very supportive.They literally hook up with no stretch to support securely.Almost like it wraps around rather than compresses.The bands were also a different colour to the bra.The hooks at side of bra dig into skin when worn overnight even though hooks are on the outside.,2026-07-09
B0DB27MQ8X,AD7071B3XL-B91,西班牙,5,Cumple su función,"Perfecto, se ajusta sin agobiar,  permite los ejercicios y es cómodo de poner y quitar gracias a la cremallera",2026-07-09
B0D8BBRB3L,AB2256C0XL-B72,美国,1,Bra,"The zip kept unzipping, very annoying",2026-07-09
B0D7VJF3ST,NA1107A00L-B91,美国,3,Comfortable,"Fits amazing , very comfortable",2026-07-09
B0D1KQ1RFH,AC3309A0XL-B91,英国,1,One use only,Good for one wear yes they are comfortable and they don’t cause chafing but once you have used them once and washed them they roll and the bits that are meant to prevent that are only 1.5 inch,2026-07-09
B0CP944J94,252C-B70-M,美国,5,Excelente,En el vestido blanco de graduación de 4to a?os quedó expectacular no se notó y quedo la talla es perfectas médium,2026-07-09
B0CN367MJ5,AD6560B00L-B72,美国,5,"Well-constructed, nice feel.","This shapewear garment is well-constructed and the stretchy fabric has a nice silky feel.  I’m “in-between” sizes.  I tried the large, but found I needed the XL. I will re-order it in XL.",2026-07-09
B0CMJ6TTBJ,AG6025B00L-B91/B70,美国,5,Easy buy,"Have bought 3 other kind, this is the best one. Sleek, doesn’t itch, soft while providing support.",2026-07-09
B0CLCGLDY9,AB2246A00M-B91,美国,5,breast implant bra,"I’ve had the same implants 32 years. Most of you are buying this bra for your recovery period after breast augmentation. It’s comfortable and will be very helpful.If you haven’t gotten your surgery yet. I am fortunate to have the same implants all these years, out of every one I know some have had their implants replaced because of issues.But what you don’t know yet is, I never thought about 30+ years later. My golden years. Will I still want them? Will I have the financial means to remove them and have reconstructive surgery? Research that! Because you will not want them forever. And gravity happens so without a reconstructive surgery the skin will hang. I don’t have the money to do that right now. So I wait because insurance will help to remove, if the implants bust. But not for reconstructive surgery. And every mammogram, I am a nervous wreck. Because at some point one most likely will bust. This isn’t the only reason, I wish, I’d never gotten the implants. But 26 year old me wouldn’t have listened. My best advice is, you will not want them forever, for many reasons. Love yourself the way you are.",2026-07-09
B0CJ9DK6Y2,AA1037C00L-B72,美国,5,Corset shapewear,This is one of the most comfortable shapewear corset I have wore in a long time.I lost 47lbs and was looking for something to hide the extra skin and the little bit of fat i have left and this does the trick. It does suck you in nicely. I wear this all day long. (I had bought this about a month ago so wanted to give it a try for a few weeks before i gave a review.)I did include some before wearing it and After wearing it pictures.,2026-07-09
B0CJ9BHHBF,AA1037C00L-B91,美国,5,Perfect fit,"The product itself is Awesome. I am a Large 236 with some fupa. I ordered a large snapping on the first hook only so far. If you’re not comfortable with tightness up the size, if you are get your exact size . It doesn’t roll. Full lower back covered and can wear it all day.",2026-07-09
B0CFKGHMZZ,AB202709300L-B70,美国,1,Uncomfortable,Awkward and uncomfortable. I returned it.,2026-07-09
B0CCD782F3,AD7071B00S-B53,美国,2,Allergic Reaction Using the Sauna Suit,"I will give it two starts because I was sweating a lot wearing it. However, I am not sure if I am the only person who had this side effect, but this product made me so itchy. I was itchy for weeks without knowing what was wrong with me. I was very itchy around my stomach, upper shoulders, and upper legs. I called my doctor saying that I was having some type of allergic reaction. I started taking Benadryl, but I was still so itchy. My husband brought it to my attention that it may be the product. I didn't believe him, so I continued using it. I finally stop using it after some time, and the itchiness got better over time. I am not sure what is being added to this suit, but I got a very bad allergic reaction. I don't usually write reviews, but this may be happening to someone else. I was sad because I did sweat the way that I wanted to. Please review the ingredients that are being used to make this product so it can be safe for everyone. Thank you!",2026-07-09
B0CBV71LHD,AD6118B0ML-B70,英国,2,Very long,Returned as too big and far too long in the body for me,2026-07-09
B0CBK4MQVF,AB2186B00M-B91,美国,5,Súper,Me operé de los senos . Y la uso diario . Súper buena compresión y calidad,2026-07-09
B0BBGJN91L,AD6364B00L-B91,西班牙,5,Nueva calidad,Muy buena calidad y comoda,2026-07-09
B0B53KKPNQ,AA1110B00M-B53,美国,5,La clalidad es grandiosa,Es una de las mejores q he tenido,2026-07-09
B09N3SX9LL,AC3184B00M-B91,日本,5,小さめサイズでも伸びるのでちょうど良い,164cm約60kgのお腹、お尻、太ももに肉が集中しているタイプですが、Mで問題なく履けました。お腹まで覆ってくれるので痩せたい部分をカバーしてくれて良い感じです。少し筋トレ、有酸素運動をしただけでがっつり汗が出ました。最初は特有の匂いがありますが一度の洗濯で気にならなくなりました。愛用していきたいです。,2026-07-09
B08MDVCKGY,AD6189DXL2-B72,美国,5,Great shapewear choice!,"Material is soft and thick enough it won't tear when pulling it on, but thin enough to be breathable. It shapes very well! Can't beat the price either. I'll be buying more colors for sure!",2026-07-09
,AD6189103XL2-B72,,,,,
B08M9H2NRG,AD6189DXL2-B91,美国,5,Get it!,This shached my tummy on up! Love this,2026-07-09
,AD6189103XL2-B91,,,,,
B08JTKBRZ8,1604B-B-XS,加拿大,3,Waist trainer,This one is good. But i got the wrong size,2026-07-09
,1604-B-XS,,,,,
B089CKY5TW,JD6150B00L-B91,美国,5,True to size,Very comfortable and affordable.,2026-07-09
,JD6150C00L-B91,,,,,
B089CG1LGW,JD6150C2XL-B91,美国,1,Unresolved,This was a waste of my money please send my money back??? Thanks,2026-07-09
,JD6150B2XL-B91,,,,,
B07Y1MHRHR,AD60259810XL-B72,加拿大,1,It rolls up and poorly designed,"I hate it. No stomach band or I'm too tall.  The stupid thing rolls up on me, anytime I bend down.",2026-07-09
,AD6025B0XL-B72,,,,,
B07F1Q4TT3,AD602598100M-B91,美国,5,Franelas de compresión!!!,Esto si es una franela de compresión!!!He pedido unas franelas que salieron y no lo son!!!Las voy a devolver!!! No sirven!!!Está si es una franela de compresión!!! Se las recomiendo al 100  %!!!,2026-07-09
,AD6025B00M-B91,,,,,
B07CJ561N5,12008C-B-S,美国,3,Not for petite,Not meant for petite women trying to find something that can help tone,2026-07-09
,12008B-B-S,,,,,
B07CJ4X4DG,12008C-B-XL,美国,1,Doesnt fit,Not true to size,2026-07-09
,12008B-B-XL,,,,,
B0H28L3XKW,AD6885A-70-M,加拿大,5,Fantastic fit,"I have tried many different compression shirts over the last while with varying degrees of success, and I have to say this is definitely none of the better ones I've tried!The material is really well made with not a lot of give, so it shouldn't really stretch out over time as some others might. All the stitching is spot on and the support is in all the right places.I don't necessarily wear these for the slimming effect, although its a desirable unintended consequence that I won't complain about. I wear these mainly to help with my back. I have a herniated disc in my lumbar spine that I've been dealing with for the last decade and these shirts are phenomenal for relief. The pressure on the lower back really helps keep everything in place and the added support feels great throughout the day.The only struggle I had with this is getting it on. I've lost about 60lbs over the last year and my old shirts are getting a little loose so I tried the medium size. For context I'm 6'2"", about 220lbs and have a naturally stocky frame, so getting this thing over my shoulders is insane, but its definitely doable. Once its on, the fit is fantastic, and I absolutely love the cross supports on the back shoulders!These are around the same ballpark as the other compression shirts I've seen, and for the cost these are stellar - so much more support than many others. Thst said, most other compression shirts I've seen are specifically for gynecomastia, which is really specific and not an issue I have, so to have an actually compression shirt is phenomenal.Really awesome shirts, highly recommend!",2026-07-08
B0H1M91V3Z,MD6580B00S-B72,美国,5,Superior comfort and quality,"I own a lot of shapewear in a variety of styles and levels of compression. I tend to prefer the styles that focus on slimming the lower belly and waist, but one of my favorite pieces is a bodysuit that slims all over. I've been wanting more bodysuits like it, and I liked that this one had a pretty style that could also be worn as a top.It can be very hit or miss when buying online since it's hard to know what the material quality will be, so my expectations weren't very high for this bodysuit. However, I'm pleasantly surprised with the quality of this bodysuit. It's incredibly well made. The double layers actually feel like double layers, not just extra fabric. The material is crazy soft but also feels strong. The compression is gentle and not super tight, but still offers slimming that flatters my shape.I'm 5'2 125lbs and normally wear a small or medium, though tend to get a small in shapewear. One thing I'll note is that out of the package, I was a little worried that the small looked like it was going to be too big, particularly in the bust area. I have a smaller bust and it's normal to not quite fill things out. Fortunately, the fit turned out almost perfect for me. It's just a touch long in the torso, but the adjustable crotch helped to get it a little closer to perfect. I think those with a larger bust would actually appreciate the fit and support a lot, but those on the smaller side might not get quite the same benefit there.Overall, I'm impressed with this bodysuit. The quality alone makes it a great value, but I also love the versatility of the style. Awesome pick!",2026-07-08
B0H1L2VR3N,AD6458B00S-B27,美国,5,"Comfortable, Flattering, and Versatile","This shapewear bodysuit offers a nice balance of support and comfort. It provides gentle tummy control while still feeling comfortable enough to wear throughout the day.The seamless design creates a smooth look under clothing, and the square neckline gives it a stylish appearance that works well on its own or layered under jackets and sweaters. I also like the short sleeves, which make it versatile for different outfits and seasons.The fabric has plenty of stretch and moves comfortably without feeling overly restrictive. It provides light shaping while maintaining a flattering silhouette.Overall, this is a comfortable, well-made bodysuit that's easy to dress up or down and provides a nice amount of everyday shaping. Definitely recommend.",2026-07-08
B0H1KNT9SD,AD6947A-91-XL,美国,5,Good product,Love this product very comfortable highly recommend,2026-07-08
B0H1552L2T,AD6939A-91-2XL,美国,5,I love this shape wear,"After having weightloss surgery and having tons of loose skin, this shaper helps hold my loose skin in and defines my shape. Its seamless so it doesn't show under my clothes.  Im also a cosplayer so this doesn't show under my cosplays! Im so excited! Love it!",2026-07-08
B0H15461LD,AD6939A-91-L,美国,5,Excellent tummy control and surprisingly comfortable.,"Excellent tummy control and surprisingly comfortableI was pleasantly surprised by how well this bodysuit works. It provides excellent tummy control without feeling overly tight or uncomfortable. It smooths everything out, creates a flattering silhouette, and gives me much more confidence when wearing dresses, jeans, or fitted outfits.The material feels soft, breathable, and has just the right amount of stretch. I was able to wear it for several hours without feeling restricted. It also stayed in place throughout the day and didn’t roll up or dig into my skin.Overall, this shapewear offers a great balance of support, comfort, and quality. If you’re looking for a bodysuit that smooths your waist and tummy while still being comfortable enough for everyday wear, I would definitely recommend this one.",2026-07-08
B0H151N9V5,AD6939A-71-M,美国,5,"Pretty Lace Design with Light, Comfortable Shaping","I ordered this bodysuit in the gold color in a size Medium, and I was impressed with how pretty it looks in person. The lace detail gives it a dressy, feminine look, so it works well as both shapewear and a top under a blazer, cardigan, or jacket.The material has plenty of stretch and provides light tummy smoothing without feeling overly tight or uncomfortable. It hugs your body nicely while still allowing you to move around comfortably. The V-neck is flattering, and the thong style helps eliminate visible panty lines under fitted clothing.The fabric feels soft against the skin, and the bodysuit stayed in place throughout the day without constantly needing adjustment. While it isn't heavy-duty compression, it offers enough shaping to create a smoother silhouette under dresses, skirts, or pants.Overall, this is a stylish and comfortable bodysuit that combines fashion with light shaping. It's a versatile piece that can easily be worn for date nights, parties, weddings, or even with jeans for a dressed-up casual look.",2026-07-08
B0GY98M3W9,AD6106BXL2-B91,美国,5,I love it.  Thank you!,"I love it.. Perfect fit true to size, nice breathable material.  Thank you so much!  ??",2026-07-08
B0GWQHKY57,NC3603A-72-L,美国,5,Stretchy,Very thin so not noticeable at all. Size down because it’s super stretchy!,2026-07-08
B0GWQGZ9XQ,NC3603A-72-S,美国,5,I wanted to be really snatched in so I ordered a size down from what the size chart recommended,"I got these tummy control bottoms to wear underneath a tight pencil skirt I’ve been wanting to wear out. The fabric on the control bottoms are very soft and there is a bit of stretch  that allows you to sit down and eat and not feel like your a statue that can’t hardly move. Going to the bathroom it didn’t take an army and a half hour to roll it down and the roll it back up. That was greatly appreciated. I read the sizing recommendations and I knew I wanted to be really snatched in so I ordered a size down from what the size chart recommended for my size and it came in and fit exactly as I wanted it to. My stomach looked sleek, the control bottoms didn’t show and there weren’t any rolls showing. I think for the price these are a great deal!",2026-07-08
B0GWQ8XLFJ,NC3603A-72-XL,美国,5,VERY COMFORTABLE!! ALL DAY WEAR!!,"""I'm very pleased with this shapewear. It fits comfortably, provides great tummy control, and stays in place throughout the day. The material is soft and seamless under clothing, making it comfortable to wear for hours. I would definitely recommend it!""",2026-07-08
B0GVSGZDXC,AD6923A-72-XL,美国,4,Works like it's supposed to.,"When they say snatched,  they mean SNATCHED.I like that the material is breathable, especially living in Florida. So I'm not sweating more than usual.The fit is good if you go by the measurements and not your standard size. The legs didnt ride up even with a lot of walking so that was a plus.It really smoothes out all the lumps and bumps to give you smooth silhouette, so wear your body con dress with no worries.I've worn and washed this a few times so I can have an idea what the long term effects might be. So far so good, as to keeping its shape and hasn't pulled or lost strings or anything that I could see. I did , however, hand washed in my sink and hung to dry. For me it is showing a good quality for its cost.Now I didn't give it 5 stars because I had 2 issues with it that for me, would make me hesitant to wear again for more than a couple of hours.You see, I have larger boobs and with this shapewear, let's just say my cup runneth over and it gives me like a uni-boob. Which causes a lot of sweat that I don't like. And second because of this, I had the straps digging into my shoulders, leaving painful red marks. So both of those to me are deal breakers. This problem could be fixed with wider straps.I think if you have normal boobs you should be fine with the support it provides.All in all it is comfortable (except for the straps) for me and I think its a good buy.",2026-07-08
B0GVRXGWVT,BB2410A-72-3XL,美国,5,Nice bra.,Nice material.  Like strap adjusters.  Don't slide or flip.  I leave fastened and just slip over head.  Going to need a few for open heart surgery recovery.  Comfy.  Decent feeling material and comfortable.  Price is a little higher than I would want to pay.  Size is accurate.  Good support and give.  Holds up well after washing.,2026-07-08
B0GVQTX79B,AC3114B00S-B91,德国,4,"Macht eine tolle Silhouette unter engen Kleidern, die Polster verrutschen beim Waschen aber leicht","Ich habe mir diese Shapewear-Shorts für ein engeres Kleid auf einer Familienfeier bestellt. Der Stoff ist super weich, drückt nirgends und formt den Bauchbereich wirklich sch?n flach, ohne dass man das Gefühl hat, keine Luft mehr zu bekommen. Die integrierten Hüftpolster geben dem Ganzen eine sehr weibliche, sch?ne Form. Ein kleiner Minuspunkt zeigt sich nach dem Gang in die Waschmaschine: Die herausnehmbaren Polster neigen in der W?sche dazu, sich in den Taschen komplett zu verdrehen oder zu knittern. Man muss sie danach erst wieder mühsam mit den Fingern in Form rücken und glattstreichen.Pro:Angenehmer, elastischer Stoff, der nicht einschneidetSch?ner Bauch-Weg- und Formeffekt für die HüftenNahtlose Verarbeitung f?llt unter Kleidung nicht aufKontra:Die Polster verrutschen beim Waschen in ihren Taschen und müssen danach wieder gerichtet werden",2026-07-08
B0GT5DSR4H,AA1188A-91-M,美国,5,Quality Waist Shaper that gets the job done,"I have been wearing this shaper daily for the past few weeks now  and honestly it is one of the best waist shapers I’ve tried before! It is extremely comfortable and breathable and I love how it snatches and defines my waist without being uncomfortable! I have worn this to the gym and on my evening walks. I must say this is an excellent product! The material is good quality, top tier to be exact and is affordable! I also love the fact that when I wear it under my clothing it is not detectable!!",2026-07-08
B0GT55CKC2,AA1188A-91-XL,美国,5,Very comfy,I love the way it hugs my waist and gives me a waistline,2026-07-08
B0GT557RT1,AA1188A-91-3XL,美国,4,Worth the cost,"This corset waist trimmer is comfortable, supportive, and easy to wear throughout the day. It provides a great fit, helps smooth my waistline, and stays in place without rolling. Great quality and definitely worth it!",2026-07-08
B0GT48WF4R,,德国,5,Angenehmer Tragekomfort mit einem tollen Effekt,"Die Bestellung kam wie immer sehr rasch an und war einwandfrei.Beim Auspacken zeigt sich keinerlei unangenehmer Geruch nach Chemie oder dergleichen. Das Shirt sieht hochwertig aus und fühlt sich auch so an.Nach der ersten W?sche - Hand- oder Schonwaschgang - wir haben 30 Grad mit niedrigsten Schleudertouren verwendet war es noch immer einwandfrei. Die erste Anprobe gestaltete sich sehr einfach: reinschlpüfen, innen finden sich unter dem Reissverschluss in gr???eren Abst?nden H?kchen ?hnlich wie bei einem Korsett; damit stellt man mal die erste Spannung her weil sonst kann es mit dem Reissverschluss nicht so einfach sein. Aber Dank der H?kchen war dann der auch keine Herausforderung mehr. Anschliessend noch das Bauchkorsett so straff wie gewünscht auf die starken Klettverschlussstreifen ziehen und man fühlt sich gut eingepackt.Das Tragegefühl und der -komfort ist sehr angenehme und man kann sich selbst wenn man die Weste recht straff zugemacht hat noch immer gut bewegen weil doch bis zu einem gewissen Grad elastisch. Dennoch hatte ich schon lange nicht mehr so einen flachen Bauch. Meine Frau war davon sehr angetan also alleinehier schon mal ein toller Effekt :)Alles in allem wer ein wenig Bauchfett wegschmelzen lassen m?chte kann damit nichts falsch machen und wie gesagt  wer wei? es es nicht auch Ihrer Partnerin/Partner gef?llt ;)Von mir eine klare Produktempfehlung.",2026-07-08
B0GRGXXKR8,AD6618B2XL-B91,美国,5,Perfect waist trainer,This waist trainer was comfortable and very durable. I love that it has hooks and also a zipper. It has multiple hooks so that you are able to adjust it. It did not slide and stayed in place all day. It also fits perfectly. I would buy this again.,2026-07-08
B0GQBN1MTL,AD6914A-91-M,美国,5,It compresses well while still being comfortable.,If I could give this 20 stars I would. It is super comfortable and great support with the exception of the bust area. It is not bad but it doesn't give me the lift that a regular bra would. It is true to size. I wear a size 8-10 and I ordered a medium. I highly recommend.,2026-07-08
B0GLFDXRX9,AC3600A-72-M,美国,5,Comfortable Support That Stays in Place,"This shapewear strikes a nice balance between support and comfort. The high-waisted design provides light tummy control without feeling overly restrictive, and the seamless construction stays discreet under dresses, skirts, and fitted clothing. The fabric is soft, stretchy, and comfortable enough for extended wear, while the flexible boning helps keep the waistband from rolling down.The compression is on the lighter side, so anyone looking for very firm shaping may want a higher-compression option. For everyday wear, though, it smooths the midsection nicely while still allowing comfortable movement.Overall, this is a well-made piece that offers a flattering fit without sacrificing comfort. It feels thoughtfully designed, washes well with proper care, and is an easy choice for anyone wanting everyday shaping that looks natural rather than overly compressed. I would happily recommend it.",2026-07-08
B0GL7HYKX4,AD6908A-72-XL,美国,5,Looks great!,"The fit on this Body Shaper is great! I ordered size XL based on the size chart. I would recommend that buyers pay attention to the dimensions on the size chart because the measurements for my usual size, a Large 12/14, seem small. For this reason, I sized up to XL, which was perfect. The garment has great tummy control and breast support. I would recommend this product.",2026-07-08
B0GJT6W344,AD6607B00M-B91,美国,3,Size up!,Definitely size up! Ordered a medium and it fit almost like an extra small.,2026-07-08
B0GJRT4LMT,AC3350A2XL-B91,美国,5,Nice shape wear can size down,It’s good so far but I could have sized down but the 2x fits comfortably,2026-07-08
B0GCJ9KHR9,AD6110B0XL-B91,美国,5,Excelente ??,Se ajusta bien y tiene buena calidad,2026-07-08
B0G6WWCXY2,AD6825A-91-M,美国,2,Nebility Strapless Shapewear for Women Tummy Control Shapewear Bodysuits Full Body Shape,"Unfortunately, this shaper did not bode well for my need. I purchased it to wear under my wedding dress last month, and it did not hold well, so I had to pivot and find another option.",2026-07-08
B0G5NJT1F8,AD6888A-70-L,美国,5,Works great,Fit and work just as advertised would highly recommend.,2026-07-08
B0G4JT668C,AC3536A-91-XL,美国,5,Worth the price,"As a new mom, this is a great binder. Great compression and a great price! Helped swelling go down in my abdomen.",2026-07-08
B0G2KZX11L,KD62581030XL-B91,德国,2,Meh,Ich bin 166 und hab 95kg er hat nicht ann?hernd gepasst ... obwohl ich ihn extra in der angegeben gr??w bestellt hatte,2026-07-08
B0FYDSKB1M,AD6460A00M-B26,美国,1,Don’t recommend,Does not hold any kind of shape.  Seems very cheaply made.,2026-07-08
B0FX8FXRMM,AC3272A0XL-B91,美国,1,Very disappointed.,"Very disappointed. I thought this would help hide my belly when wearing my tighter dresses, but it didn't change the look at all. I even bought one in each color.",2026-07-08
B0FX3PNKL5,ND6763A-91-3XL,美国,2,Don’t recommend,Not true to size,2026-07-08
B0FK21YVCR,AD6666A00L-B70,美国,1,Impossible to get on/off,This shirt rolls into a tight ball putting on and off that I don’t even want to struggle with it. Once it’s on it’s ok but not worth the torture of getting on/off,2026-07-08
B0FHDRDZ4R,JD7086B-53-2XL,美国,3,Size,"I'm not sure if this is normal for a sauna suit ... But I'm a 5'11"" 250 pound grower , not a show we lol.. I ordered the 2xl size and like I said not sure if they are supposed to fit like your wife's or girlfriends mid drift shirt ....idk ??? But I will be returning mine for a 3xl ..  I would post a picture but I couldn't get the shirt on with out using butter ... Lol",2026-07-08
B0FHC6STDT,136C-Y-L,美国,5,Recommend,Size is well fittedMaterial is very stretchy and comfortable,2026-07-08
B0F8BF22SJ,AA1110B0XS-B53,美国,2,The smell of the waist trainer,"It was supportive and looked just like the pictures but quality wise not recommended it fades but not only that, I threw mines out because it just stank",2026-07-08
B0F632RHDG,AB2187B00L-B72,美国,5,the best mastectomy w/reconstruction bra,The best and the most comfortable bra! I wear it after breast reconstructive surgery after mastectomy. Gives a nice compression!,2026-07-08
B0F4N3FDH4,,美国,1,Damage at first use and fall doing rollerblading,The shorts seems be good so I took it to rollerblading so I felt and one side leg got damage so easy like bad quality .  To bad was my first use,2026-07-08
B0DXVRZCN3,AA1107A00S-B91,美国,5,Buy it its worth it,I just got it today I put it on for an hour it’s not uncomfortable just maybe don’t eat when you put it on I got a small it was pretty tight on there the material is just like feeling of a wig band it wasn’t  scratchy it’s very durable and it’s like medium thickness cause the first wrap goes on then  the second wrap just goes on to make it even more snatched,2026-07-08
B0DC3TDTPM,AD6025B0XL-B70,英国,5,The best on amazon,"Really good compression vest and does take belly fat off you. Ive tried multiple vests but this one is the best, its comfortable (ive tried some horrible ones in the past) and the 40% spandex really helps out slimming you down. Highly recommend.",2026-07-08
B0D7VHCVXT,NA1107A0XL-B91,美国,5,Great buy,Great fit and can move it as you’re losing the inches off your waist! Very comfortable and covers your entire stomach area,2026-07-08
B0D6RBY818,AD6353A0XL-B72,日本,1,ブラではない,ただ胸を潰すだけの代物。カップもなくアンダーはスカスカ。ホールド感はゼロでした。,2026-07-08
B0D66S5Z6H,AB202709300M-B71,意大利,5,Perfetto,"Perfetto, fa il suo dovere",2026-07-08
B0D5DNMC2F,AB2260A00L-B70,美国,5,True to size. Zipper made well,79 years old130 pounds and 5’2”Best bra I ever found. Material is soft like silk. Amazon said I should buy a large. Sceptical I was.Sure enough it fits perfectly.,2026-07-08
B0D1KNDW1S,AC3309A00M-B91,英国,1,Not good,Im on holiday & product really poor. Very uncomfortable i need to return,2026-07-08
B0CNRP353R,AD6189DXL2-B12,美国,3,Too long,"Super cute I love the color, however it’s made for taller women, I’m 5.1” and it fit to long.",2026-07-08
B0CMH7VMY4,AD6557A00M-B72,美国,3,Faja,Queda muy flojo no aprieta,2026-07-08
B0CM3S4WQL,AD6542B0ML-B72,墨西哥,2,No me gustó,"No se si soy yo, pero el orificio para orinar esta muy raro, siento que es facil que se vea si se te sube la falda o algo, y es incomodo, deberia tener otro tipo de abertura, tampoco senti que me apretara tanto, quiza pedi mal la talla pero ya no lo use mas que una vez",2026-07-08
B0CJ9CP1XZ,AA1037C0XL-B91,美国,5,Great purchase for the price,I ordered the wrong size had to return but it looked great and durable and the snaps looked sturdy.,2026-07-08
B0CGX3BJ2W,AB2188C0XL-B91,美国,4,Pay attention where bottom will fall on your breast vs your surgical area,The quality is great. The only complaint I have is the fit. I had breast surgery and my incision is around areola. The bra comes right under the breast so it rubs. Wish it was a tad longer like a lot of sports bras. I even have the shoulders adjusted. I also dont have a long torso.,2026-07-08
B0CD9Y94D7,12008C-Brown-M,美国,2,Makes you boxy,It does t really do much but make you look like a bulky box,2026-07-08
B0C9ZS159B,AA1110B00M-B53,美国,5,Don’t bend if fold,Very good hold lost alot of stomach fat size down,2026-07-08
B0C7T8LZDT,AD6507A0XL-B72,美国,3,Very tight,I love the length & the tightness of this compression tank top. It holds in my belly. However it did ride up a few time during the night even with the grips at the bottom. It was a bit too small at the top for my breast though. It they kept trying to pop out so it was enough coverage. Maybe I should have went up a size.,2026-07-08
B0C1SVR2RG,AD6352B00L-B91,英国,4,"Great compression, too hot for summer","I got this Junlan pullover style binder in L for ￡14.99. I tried 3 different brands of top: the unsized Cdrox side hook for ￡7.46, the LGBT Unicorns pullover in M for ￡12.98, and this one. I am usually UK women’s size 10-12, 34C, or men’s size M.I had originally thought to get this top in my usual Medium size but it wasn’t available so I went up to a large and actually that fits me well. First impressions were that the binder is good quality and made from sturdy material. Yet the material is still very soft and seems very durable.The binder has a padded insert front and back, bandeau-style. It flattens and smooths well with good compression. However because the thick panel goes all the way around it can get pretty toasty. Also there is no mesh material to help airflow (like the Unicorn or the Cdrox).Of the 3 binder styles I tried, I liked the flattening from this one the best. (It’s probably the least comfortable to wear. Nothing pinches or rubs, but you can feel the compression and I wouldn’t wear it for long in summer.) But this gives me the flatness that I’m after for short term wear.The shoulder material is soft and stretchy and that makes getting the top on-and-off  easier than you might expect. You don’t have to fight as much with the arms before you peel off the torso. (You might think about sizing up though, as I expect if I had gotten the medium I would have had a bit more of a fight.)The build quality is great. The seems are all nicely finished and strong, nothing rubs or irritates. I had been worried that the crease line from the padding might show across the top of my chest but it sits smooth on me. (Guess it might depend on how high your chest sit tho). The only other thing to bear in mind is that the binder is short and there is no stretchy material at the bottom to give extra coverage. So if you have a long torso or low chest, you might have coverage issues.I think the binder will last a good amount of time. It’s great  value for money and I’d say it’s comparable to an Underworks or Spectrum Outfitter binder, and those are usually several times the price.I really like this bider but I took off a star because it’s just too hot to wear in summer and you will definitely know you are wearing it - even if you wear it in cooler months. The Unicorn is my go-to for summer and comfort, however if I want Flat - this is the one I will use.",2026-07-08
B0BYN154V4,ND6445B00S-B91,美国,4,Do it.,I love it. It actually works. Amazon recommended I get a large but I got the small and it’s great. It is tight but that’s the point. I don’t have any spillover or fat back etc. I’m 5’5 and 155lbs,2026-07-08
B09JNFY5XB,AD7020A00L-B91,美国,5,Love it,Best use it workout  I got a large because I like to put on clothes underneath,2026-07-08
B08NXCX3G9,AB202709300M-B91,美国,5,"Comfortable, Supportive, and Great Quality","I used this compression bra after my surgery, and it has been very comfortable to wear. The material is soft, breathable, and provides good support without feeling too tight. I like that the adjustable straps and front zipper make it easy to put on and take off. It fits well under clothing and feels secure throughout the day. The quality is excellent, and it has held up well after washing. Overall, I’m very happy with this purchase and would recommend it to anyone looking for a comfortable and supportive post-surgery compression bra.",2026-07-08
B08G8CLS7F,136C-Y-M,美国,4,Good quality,"I am 5’7” and weigh about 140lbs. I ordered a M. I went back and forth with sizes because I am tall and sort of slim. However, I wanted to snatch my waist a bit tighter and the shapewear does not do much for me maybe if I were to be able to make it tighter it would be perfect. The material is great it’s really comfortable. The material does not itch or hurt my skin. It’s sort of visible but I’m only using it around the house.",2026-07-08
,136B-Y-M,,,,,
,136-Y-M,,,,,
B083HZNM25,AD6123095XL2-B91,美国,5,Ease if Use,Awesome fit. Easy to use if need to go to the restroom. Quick and no hassles.,2026-07-08
B07CBT561X,136-B-M-JP,日本,5,産後の矯正に☆,158cm  現在体重50kg  Mサイズ購入産後の下腹部ぽっこりをどうにかしたくて購入。元々45kg産後1週間たちましたが下腹部ぽっこりが治らずこちらを購入しました。履いてみたけどキツく苦しいことはなくいい感じのフィット感で洋服を着たらスッキリ見えるよになりました??このコスパでこのフィット感、買ってよかったです(^^),2026-07-08
B0H4H8PBQG,NC3636A-71-XL,美国,5,"Lightweight, Flowy & Comfortable Summer Pants","These wide-leg pants are lightweight, airy, and incredibly comfortable for warm weather. The relaxed fit gives them a flattering drape without feeling oversized, and the elastic waistband with the adjustable drawstring makes it easy to get a comfortable fit. I also appreciate that they have pockets, which are always a welcome feature.The fabric has a nice linen-look texture that pairs well with casual tops, sandals, or sneakers, making these pants easy to dress up or down. They’re perfect for everyday wear, vacations, running errands, or simply staying cool on hot days.The only thing to keep in mind is that lighter colors may be slightly see-through depending on the lighting and the color of your underwear, so nude undergarments are a good idea.",2026-07-07
B0H2ZL9WWH,NA1194A-72-M,美国,5,Faja Moldeadora de Cobertura Completa con Ajuste Cómodo y Excelente Soporte,"Si buscas una faja que ofrezca más cobertura que los modelos convencionales, esta es una opción que cumple muy bien su función. Su dise?o ayuda a mantener el abdomen mejor contenido, ofreciendo una silueta más uniforme y una sensación de soporte que resulta cómoda incluso durante largas jornadas.Otro punto a favor es que combina firmeza con comodidad, por lo que puede utilizarse para trabajar, realizar las tareas diarias o simplemente sentirse más segura con la ropa. El ajuste regulable permite adaptarla a diferentes etapas o necesidades, prolongando su utilidad con el paso del tiempo. En conjunto, es una prenda práctica para quienes valoran un buen equilibrio entre soporte, comodidad y versatilidad.",2026-07-07
B0H2JF84QM,AC3351A00S-B91,美国,5,"Lightweight,  stretchy leggings",Move and stretch but doesn't feel like it will sag at all.  These will be an everyday go to to wear under dresses this fall! <3 Note: I would not wear these workout something covering my bum. They're not thick!,2026-07-07
B0H2J2SBYF,AA1143A3XL-B53,美国,5,"Not itchy, which is a huge plus!","I am past the point of caring how small my waist is (love getting older, LOL), but I do use these kinds of cinchers when I tweak my back, not to the point that I can't move, but to the point where I feel it's a little ""unstable,"" and might go out if I overexert myself (or just move the wrong way at the wrong time; IYKYK).This cincher/belt has some advantages over others I've used because it does NOT have a lot of boning in it - it feels stable, but it doesn't feel rigid or like it's going to keep me from moving. It's great for situations where you just need a little extra support, but don't need an actual lifting belt or back brace. I was able to twist (enough) and move the way that I wanted to in this, without feeling overly constrained. Yes, it does create sweat, but I'm sure most people know at this point that spot reducing is a waste of time and that anything you lose from wearing these ""waist trainers"" is water weight. I like that this is super-adjustable and flexible, and while I hope I don't need to use it very much, I'm glad to have it if I do.",2026-07-07
B0H2BS2W1R,AA1085B00L-B91,美国,1,A pain to fasten together.,The fit was a little too tight. Very stressful to snap a million loops. Would be nicer if it had a zipper or something easier to pull it together.,2026-07-07
B0H28JWF8V,AC3575A-72-L,加拿大,4,"Somewhat decent shapewear, reasonably comfy/seems well-made, some tummy ctrl/decent lift, large fit","This is a somewhat decent shapewear/butt lifting shorts that appears well-made, fairly easy to put on (and that's NOT exactly a good sign, more on that), and it's fairly soft and reasonably comfortable; however, like many other shapewear of similar design and style out there, it's fairly stretchy around the waist but it does provide some resistance whereas some others do not although the compression/resistance is still far from adequate, so it doesn't really provide sufficient shaping (belly or otherwise) but that's not uncommon here and as long as you know what the limitations are with these, it should be just fine I suppose.As a butt lifter, it's actually not too bad compared to most others with removable pads since they tend to move around; however, sewn-in pads also mean they can't be replaced when needed and you also can't use your own (that are perhaps more effective and/or with better fit), which is a bit a bummer. In any event, it doesn't nearly provide as much lift as expected based on what's being portrayed in the ads; however, it's slightly more effective than many others partially because the padded foams are slightly thicker by comparison, which is great. Btw, I should also mention that the waistband does ride down on occasion when I bend over, so just be aware of that.It's fairly soft and reasonably comfortable in comparison to many others out there of similar design and style. The fabric seems slightly thinner than usual (probably due to the knit and perhaps that's why it's softer than many others) which is good for summer since it's more breathable. It's made of 80% nylon and 20% spandex (NOT 75% nylon/25% spandex as advertised) which is common amongst these shapewear. Although it doesn't really offer sufficient resistance, it does provide a little bit more shaping and control than some others that I've come across and reviewed, so that's definitely a point in its favor. That said, go down a size probably wouldn't be the worst idea unless you have other requirements since it's larger than expected and shapewear like this is usually more effective with a tighter fit.Somewhat similar to most others though, there is always the element of psychological control and/or shaping that one relies on (as I do). It's slightly longer (but not by much) compared to many others found here with similar style especially around the torso area and the waistband has noticeably more tension than the rest of the fabric, which I suspect is one of the reasons for the waistband riding down.≡ ValueAll things considered, this is a somewhat decent shapewear/butt lifting shorts although there is still plenty room for improvement. It does provide some form of control (physical and psychological) slightly more so than some others so that's not too bad given the circumstance and it definitely helps to provide some definition, again, slightly more so than some others. Likewise, it also provides noticeably more butt lifting than most others of similar style and design since it has sewn-in padded foams that are also slightly thicker by comparison. It's somewhat reasonably priced at $24 (for 1-pair) for its overall material quality, comfort, fit, and performance. Your mileage might vary.# Item reviewed: Nebility/Nebility  Butt Lifting Shapewear with Butt Pads - Padded Underwear for Women Body Shaper Lace Booty Lifter Shorts Hip Enhancer Beige",2026-07-07
B0H1L4P2FL,AD6458B0XL-B27,美国,4,Great tummy control,"This is a nice body suit that does a good job of controlling the mid to upper tummy section. I have a lot of shapewear, and I will say that I am impressed by how well this controls the upper tummy area in particular. It’s not something that I would wear alone with a skirt or pants as in the photos here, because it is clearly shapewear as you can tell by the compression area lines in the tummy section. I do love that it has longer sleeves to cover unsightly arms, so that is an added bonus for sure. I really wish that the compression lines were not visible so I could actually wear it alone particularly because of the great sleeve length.One issue is that it is not true to the color in the photos, it is definitely not purple but more of a light mauve verging on beige.It is comfortable and it works well and the construction is solid. The only reason why I am giving it less than 5 stars is because the color is not accurate. However if you were to order the black or white version, am sure that would not be an issue.I ordered an X-Large and I do think I could have ordered a Large for even more compression as I am a bit between sizes. So it is true to size, and does not run on the smaller side. So you may want to size down.",2026-07-07
B0H1KNT9SD,AD6947A-91-XL,美国,5,"Absolutely love this,Quality, comfortable, easy to wear","This is an amazing piece, supportive, yet comfortable, excellent quality, breathable design and works well under clothing and as an accessory. I highly recommend this product.",2026-07-07
B0GXVF1DXT,NC3612A-72-2XL,美国,4,Love your shape and smooth the rest,"This is a high rise tummy control shape-wear underwear.Made from a nylon/spandex blend, it will keep you shapely while still keeping everything in place.  Mesh type soft sides on the hips gives you a bit of lift/compression but mostly in the tummy area is where the work is being done.Backside has a bit less support with the mesh fabric but still will give you a bit of a lift--not much but a little.High-waisted, so depending on torso it should hit you a bit below your breast line.  My fit was as shown in their pics as to where it landed on me.Comfortable--but not something I would want to be in all day--but will do the job fine.This is my honest opinion of an acquired Vine Product.",2026-07-07
B0GVJYJ7YS,AD6945A-72-L,美国,5,Great Buy!,Good quality and fits very well.,2026-07-07
B0GV2NYW9J,KF8022B00M-B91,美国,5,Highly recommend,This was exactly what I was looking for. I needed something to help with some sweating around my arms and this did the trick. It fit perfectly and doesn’t slide down. I highly recommend!,2026-07-07
B0GTV34D7Y,AA1085B00L-B91,德国,5,Comfortable Waist Trainer,True to it's size. Firm and Comfortable. I wore it under a gown dress first and everyone was asking me how I had my mom pouch in ??. I sure like it and highly recommend if you will like your waist to be snatched??.,2026-07-07
B0GT55CKC2,AA1188A-91-XL,美国,5,Faja,Faja muy buena calidad,2026-07-07
B0GSXWR52Q,AD6783A-72-2XL,加拿大,5,Comfortable and effective,"I really love this shapewear. It has a nice bit of stretch on it, so it wasn't too hard to put on. I didn't size down, I bought my correct size. Because of this, it definitely gives more of a light hugging than really tucking everything in. I find this looks much more natural, though. I think if I had sized down the lines going for my shapewear to my actual body would have been far more noticeable. Going with the correct size makes the shapewear nearly undetectable. I find that I'm very comfortable when wearing this for longer periods of time. I'm able to move freely, and walking at my usual pace isn't a problem either. I find that it tucks everything in nicely and gives me a nice shape.Overall, I find this shapewear to be comfortable and effective. I didn't have any problems getting it on or wearing it for long periods of time. I would definitely recommend this for anyone looking to smooth out their figure under their clothing.",2026-07-07
B0GSR7LF7P,AA1170A-72-XL,美国,1,Trash,Trash. Don't waste your money.  There's a better one on here,2026-07-07
B0GQ9J5CMZ,AB2443A-91-M,美国,4,Post Surgical Compression Bra,"So, no. This bra is annoying. There are no seams, so everything is literally just pushed bunched up together. There is no separation whatsoever. I know it is advertised as a post-surgery compression bra, but it is super uncomfortable and annoying to wear. It is definitely compression. The material is soft. The bra stretches well and has the zipper and clip closure for added compression. It does the intended job and is of excellent quality. I just couldn't work with the bunching all together.",2026-07-07
B0GL7KCXVB,AD6908A-91-L,美国,5,Great shapewear,I love this body shaper! Great product!!,2026-07-07
B0GKGR36PS,ND6928A-71-XL,美国,1,Rolled up,"This product is rolled up from below, is doesn’t work for me",2026-07-07
B0GKG8MFFK,ND6928A-11-XL,美国,5,Great Shapewear!!!,"This waist trainer is a great option for anyone looking for extra tummy control and a more defined silhouette under clothing. The adjustable straps make it easy to customize the fit and help provide a more comfortable feel throughout the day.The material feels supportive while still allowing movement, and the design helps smooth and shape the midsection. I like that it can be adjusted instead of being a one-size-fits-all style, which makes it easier to get the level of compression you prefer.It works well under certain outfits when you want a smoother look and a little extra support. The fit is comfortable as long as you adjust it properly and choose the right size.Overall, this is a nice shapewear option for women wanting tummy control and a more streamlined look. It’s adjustable, supportive, and easy to wear with different outfits.",2026-07-07
B0GK6G8ZGR,AD6876A-70-S,美国,4,Great!,"Great quality for price. Was see through for the cups but it wasn’t a problem for what I was using it for. Very sturdy and able to hold up. Would buy again for another bedazzling project. I got size small but my proportions are different from others. Go by the size chart, the corset has stretch.",2026-07-07
B0GJYJC1WK,AD6452B00L-B70,美国,3,See through,"This shapewear definitely tucks you in, but you can see right through it.",2026-07-07
B0G4LC5X9Y,JD7089A-57-2XL,美国,5,ciaralanice,i still use til this day !,2026-07-07
B0G2PS8FMW,AC3576A-81-XL,美国,1,Terrible product!,Terrible product. Very uncomfortable to wear.,2026-07-07
B0FX4D7K4X,AD6478A00L-B70,美国,4,Light to moderate tummy support,"Thank you his is meant to offer some moderate support across the tummy, not the chest. The chest part is like a tank top, just covers so it doesn’t roll and can keep the tummy area smooth. The bottom area is also shearer so that the booty has a slight lift and isn’t compressed in like the tummy. It’s not a huge lift, just light. The crotch has a bra type of closure to make it easy to use the bathroom without having to pull down the whole bodysuit. The straps are adjustable. The price point is really low for shapewear.",2026-07-07
B0FX41ZKYD,AA1107A00L-B91,德国,5,"Its very comfortable and easy to wear, feels good on the skin","Perfekt, good quality,",2026-07-07
B0FR4562LX,AD6779A-91-XL,美国,5,Size Up,Super tight. You should size up for sure,2026-07-07
B0FLD3XZGF,AD6478A00S-B91,美国,5,Buy this!,"Affordable, super comfortable and gives a great little snatch",2026-07-07
B0FKBP63GG,AD6573B00M-B72,美国,2,Order in petite,Body to long,2026-07-07
B0FHGXHXFM,JD7092B-53-L,美国,5,Increíble,"Está faja es 10/10 primero la compré XL y me quedó grande y pues la volví a pedir pero talle M ! La foto es la talla XL y vean como se ve ,hace sudar mucho",2026-07-07
B0FH25ZB8K,AC3293C00M-B91,美国,5,"Comfortable Compression with a Smooth, Flattering Fit! ?????","I’m very impressed with this shapewear! It provides excellent tummy control while smoothing my waist, hips, and thighs without feeling overly tight or uncomfortable. The compression is supportive but still comfortable enough to wear for hours.I especially love the high-waisted design because it stays in place and doesn't roll down throughout the day. The shorts also help smooth my thighs, creating a seamless look under dresses, skirts, and fitted clothing.The material is soft, breathable, and stretchy, allowing me to move comfortably while still feeling supported. It gives me a more confident, streamlined silhouette without sacrificing comfort.Overall, this shapewear offers a great combination of tummy control, thigh smoothing, and a flattering fit. It's well-made, comfortable, and an excellent addition to my wardrobe for both everyday wear and special occasions. I highly recommend it!",2026-07-07
B0FFB758JP,RB1157A2XL-B91,日本,5,凄く良い,前世、切腹したのか？と思うほど幼少期からオヘソに何かが当たるのが大嫌いな私。これは3枚の生地をフックで止めるのですが生地の境目とかではなく、普通のウエストニッパーでもオヘソの辺が多分、贅肉の関係でへこむのですが立てば平気、座るとへこむ……早く痩せねばダメなようです(笑)だるま体型が横から見て薄くなります。他と違ってメッシュで生地が薄いためポロシャツ作業着を着ても浮き輪肉が目立ちません。MAXきついフックスタートなのでワンサイズ小さいのにしても良かったかな。リピ確定です(*ˊ?ˋ),2026-07-07
B0F676HJCG,AD7065B00M-B72,美国,5,Que es fiel a la talla y un excelente calidad,Excelente me encantó,2026-07-07
B0F676CD6W,AD7065B00L-B91,美国,5,As described and loving it,"I love the fabric, the price, the fit, and the air- tight packaging. It arrived prompt and at a great price.  Thanks",2026-07-07
B0F4DLYWD1,AB2188C3XL-B27,美国,4,"YDREAM Front Zip Closure Bras for Women, Wireless, 3 XL","YDREAM Front Zip Closure Bras for Women, Wireless, 3XL:  Looks less like a corset than the other wireless I've tried. No padding and more breathable fabric, but it does sag and is mono-boob. Guess it's goodbye cleavage unless you can wear an underwire. Zippers don't unhook while you're zipping up, and there's a safety hook partway down that also makes zipping a little easier. Adjustable straps that aren't stretchy and can be adjusted one-handed while wearing the bra! I just wish there was a way to have cleavage...  Not happy with the round mono-boob. Being returned.",2026-07-07
B0F43VMDSP,AD61180930ML-B91,美国,5,Looks great in my body,Very comfortable and perfect shape.,2026-07-07
B0F28YZ6KB,AA1134B2XL-B53,美国,5,Great Waist trainer,Does not roll up. Helps my back. Would order a size down to get more sucked in. (Brought a 2 xl),2026-07-07
B0DSS7W8QC,AD6614A2XL-B72,美国,5,Love it!,Very comfortable and fits great.,2026-07-07
B0DKXLRV26,AD6549C0XL-B91,加拿大,5,Excellent ??,"Ultra flattering and well made, excellent quality material. I received lots and lots of compliments wearing this one. I hope white comes back in stock soon!",2026-07-07
B0DFWSXKDJ,AB2243B2XL-B70,美国,5,A bra that fits for that granny figure.,Finally I received a bra for an 83 year old that has shoulder arthritis which I can put on. I followed the size they recommended and it fits perfectly. It does support without that shoulder pain because of the wde straps. The under band is not so wide so it fit without binding the stomach area. Liked it so well I ordered 2 more.,2026-07-07
B0D7VK9WVG,AD7082B3XL-B53,美国,5,Great fit... order a couple of sizes larger than normally worn.,Purchased the 3X that fits perfectly. I'm 6'3" 225 with waist 36-38 depending on brand and wear 48 Reg sport coat as a reference. Great product that i use for every time i bike and workout with heavy bag and speed bag.I would recommend this product.,2026-07-07
B0D14492P8,AD7078A3XL-B91,美国,3,Size not what it shows.,Was the right size but too tight .,2026-07-07
B0D13T6SCT,AD7078A2XL-B53,美国,5,Workout suit,This suit its exactly what I needed it really makes you sweat I’m pleased with this product,2026-07-07
B0CZ6PDBKF,AG6601B00S-B91/B72,加拿大,1,Pas gainant,Pas gainant au niveau du ventre.,2026-07-07
B0CYPLTSBL,ND6612B00M-B91,美国,5,"Comfortable, Supportive, and Smooths Everything Beautifully!","I absolutely love this bodysuit! It provides excellent tummy control while still being comfortable enough to wear for hours. It smooths everything out without feeling overly tight, giving me a more confident, streamlined look under dresses, jeans, and other fitted outfits.The material is soft, stretchy, and breathable, so it offers support without restricting movement. I also appreciate that it stays in place throughout the day without constantly rolling up or shifting.The design is flattering, and it creates a smooth silhouette while still feeling lightweight. It's easy to put on, well-made, and the quality exceeded my expectations.Overall, this shapewear offers a great balance of comfort and support. If you're looking for a bodysuit that enhances your shape while remaining comfortable for everyday wear or special occasions, I highly recommend it!",2026-07-07
B0CX1W541R,AB2188C00L-B91,加拿大,5,Keeps your tits in place,They keep my tits in the right place.,2026-07-07
B0CPJ553FP,AB2188C3XL-B72,美国,5,Comfort and softness,I would give it 10 stars if I could. This was a life saver for a surgical biopsy. It provides pressure and comfort at the same time.And these are soft!,2026-07-07
B0CNXNWFJF,AC3293C00M-B72,法国,5,Culotte ?dème,Vraiment super surtout pour les ?dèmes bon un peu difficile à enfiler mais comprime très bien .,2026-07-07
B0CJ9DK6Y2,AA1037C00L-B72,美国,1,The sizing is wayyyyy off,"I wear a size 12 in women's pants and ordered a size large. I couldn't even get them fastened on the first row of clasps. Judging by this item, I'd need to order a 3X. There's no way the sizing is even somewhat accurate.",2026-07-07
B0CJ9CP1XZ,AA1037C0XL-B91,美国,5,Great compression and back support,"10/10 this shape wear is super comfortable! I’ve purchased about 4 different types of shapewear in the last 3 months and this one is definitely my favorite so far. I use it every day, post abdominal surgery and it has been a life saver. Great abdominal and back support.",2026-07-07
B0CJ9BHHBF,AA1037C00L-B91,美国,3,Uncomfortable when sitting,"Initially difficult to get clipped together, but I found it best to start at the top and work down. I have a fairly long waist but found this to be longer than I like. The front where you clip it together presses down uncomfortably onto my pubic bone. No problem if I’m standing, but at the end of a seated event I was very happy to take it off. It really doesn’t give me an hour glass shape but did help to slim me down.",2026-07-07
B0CCD5DKKJ,AD7071B00L-B53,美国,3,Sweet sweat.,I have mixed feelings about this product.  I ordered the large which fits fine once it’s on  however it’s not so easy taking  off.  Maybe the zipper could be longer?  It’s a bit loose on the thigh which I  feel could be a little closer.  Overall it does what it’s supposed to do - makes you sweat.,2026-07-07
B0C9ZMDB2X,AA1110B0XL-B53,美国,5,Great material,"Very comfortable material, It does what it need to do for the price and I absolutely love it.",2026-07-07
B0BTYK32WF,AB2188C0XL-B70,美国,5,Great Lumpectomy bra,"Love this bra, after a lumpectomy, it feels soft and secure. It has an added clasp in the middle to take pressure off the zipper alone. That was genius. I bought two and will buy two more as soon as they go on sale. They can also be everyday bras.",2026-07-07
B0B53KKPNQ,AA1110B00M-B53,美国,4,worth trying,I loved this product at first until I realized that one of the metal binding pieces broke inside of the wrap. So now it's very uncomfortable when I put it on due to being poked by the broken wire. Other than that it's very breathable and gets the sweat going.,2026-07-07
B0B53K6443,AA1110B0XL-B53,美国,2,Waste of money,The review said size up but you should size up a lot like two times because I got an xtra large and still couldn’t fit,2026-07-07
B0B3QGDGK7,AD6352B2XL-B91,日本,5,お値段以上！,こういう商品を購入するのは初めてでしたがとても肌触りがよく着用時の不快感などはありません。有酸素運動のときにと購入しました。Gカップですがしっかり抑えてくれて走ったりした時の揺れや痛みを抑えてくれます。,2026-07-07
B09NQXMLWJ,AD6236B00M-B91,日本,4,程よい締め付け感,ぽっちゃりな私にはまぁ、サイズピッタリって感じでちゃんと使えるのだろうけど……お股がムッチリ出て何か、情けない感じに??ショーツを履いても何だかムッチリ??物は良かったんです、程よい締め付け感で……私の体型の問題なのかな？エロい下着みたいになってしまった,2026-07-07
B09FX7BC5G,GN1085B00S-B91,日本,3,くびれた,初コルセットで購入。ガッチリ固定できていいです。しゃがんだりすると曲がらなくて大変。夏は暑くて蒸れる。くびれができたと思う。家ようですね。外ではつけれない。,2026-07-07
B08MDW6WT1,AD6189DXL2-B91,美国,4,"No me gustó porque nos saca mucho, le doy un cinco","La verdad no me gustó, no soca mucho",2026-07-07
,AD6189103XL2-B91,,,,,
B089CPQ7H1,JD6150C0XL-B91,美国,5,Works well,"It works for me and it is instant, as soon as you put it on and start moving around you start sweating, I wear it when working out, walking or just doing things around the house. I recommend this for anyone trying to lose weight. I lost 11 pounds in two months and I think this suit helped out alot. RUN DON'T WALK",2026-07-07
,JD6150B0XL-B91,,,,,
B089CKY5TW,JD6150B00L-B91,美国,1,Small size,The suits are way too small. I got a “large” and didn’t even close so I never got to use it.,2026-07-07
,JD6150C00L-B91,,,,,
B0869H9TL2,AD6092B3XL-B91,加拿大,4,Great for posture and arm jiggling. Need a bigger bust,Im just not having luck in sizing now it fits great but I cant fill out the cup area. If I go smaller the waist area will kill me with the compression. Idk what size I picked im sure it was 3x  after a few washes it might shrink. It sits on my rib cage losing weight wont change the fit to looser bra cup.,2026-07-07
,AD60920913XL-B91,,,,,
B07CJY2CDQ,12008B-B-L,美国,5,exactly as described,this product is so amazing. I am 5’9 and 165 pounds. I got a size large. It’s hard to get on but the zipper stays up and everything stays bundled and tight. Really sucks you in and shows your curves. it’s amazing and comfortable straps hurt a little. overall amazing!!,2026-07-07
,12008C-B-L,,,,,
B0H2ZKYJV7,NA1194A-72-S,美国,5,Strong Support and Well Made,"This waist trainer is very sturdy and well made. The material is thick, durable, and feels like it will hold up well with regular use. It provides strong compression and excellent support around the waist and lower back.The multiple rows of hooks make it easy to adjust the fit as needed, and the mesh fabric helps keep it breathable despite the firm compression. It stays in place and doesn’t roll up while wearing it.This is definitely not a lightweight shapewear piece—it’s designed for strong support and waist training. If that’s what you’re looking for, it serves its purpose very well and offers great value for the price.",2026-07-06
B0H2BN73Q4,AA1085B00M-B91,美国,5,Comfortable and effective shapewear,Great quality product! Highly recommend if you’re looking for some comfortable and effective shapaewear.,2026-07-06
B0H28LNJWB,AD6885A-70-L,加拿大,5,Great fit,"This compression shirt fits well and provides a snug, supportive feel without being uncomfortable. The material is breathable and has enough stretch to move easily during workouts or while wearing it under everyday clothing. It does a good job of smoothing everything out while still feeling lightweight. The stitching feels solid, and it held up well after washing without losing its shape. Overall, it’s a comfortable compression shirt that’s great for the gym or as an everyday undershirt.",2026-07-06
B0H28LNJWB,AD6885A-70-L,加拿大,3,"Decent compression, but the fit and comfort could be better","3-4 sentencesThis compression shirt does a decent job of slimming the midsection, and the mesh material is fairly breathable to prevent overheating. However, the sizing runs extremely small, making it a struggle to get on and off, and the bottom hem constantly rolls up throughout the day. Additionally, the fabric can feel a bit scratchy against bare skin after a few hours of continuous wear. It works fine for a short special occasion, but I wouldn't recommend it for all-day, everyday use due to the annoying rolling and fit issues.",2026-07-06
B0H28H5SZY,AA1133A3XL-B91,美国,4,Nice quality,"Waist trainer works well, fits perfect I orders a 2xl normal size and it was a snatched fit. I workout in this daily and the shape is shaping!! I love this brand, my only drawback is that sometimes it rolls up and I had to wear it lower than normal. It’s comfortable until you have do some crunches and it then becomes a hassle - you’ll be tugging at it. I wore this under a dress it was too bulky but workout wise it’s good for me.",2026-07-06
B0H1L6T9LP,AD6458B00M-B27,美国,5,Super cute!,"Was worried that the sides would be too wide and would show my bra, but it does not! The sizing is accurate and this is really cute bodysuit for the summer! Holds everything in really well, and it’s a great value for the money.",2026-07-06
B0H1FLWRYM,AA1107A00L-B70,加拿大,5,"Soft, stretchy, supportive waist trainer.",The good-The waist trainer arrived quickly and came nicely packaged.The waist trainer comes in a nice white colour.It is made from 84% polyester and 16% Elastodiene.I received mine in a size large and it is a true size fitting.The material has a good amount of stretch.It is soft and comfortable on the skin.The detailing is very subtle and nice.I like the contrast between the satin banding with pops of high shine detailing.The waist trainer has five steel bones which provide ample support.It has three bands in total. Each band has three columns of adjustable hooks.The top has six hooks.The middle has six hooks while the bottom has eight hooks.The not so good-So far no complaints.,2026-07-06
B0H14QZVF3,AD6939A-91-S,美国,5,Great bodysuit!,"I loved this bodysuit! The material is super soft and stretchy while still feeling supportive. It hugs my body really well without feeling too tight, and it’s very flattering. The lace detail gives it a cute touch. I also love that the straps are adjustable, so it’s easy to get the perfect fit.",2026-07-06
B0GZQ154XD,AB2421A-72-L,美国,5,Perfect fit!,What can I say. This bra is great! Perfect coverage and very comfortable. I have had a difficult time finding a bra I like and I have now purchased 3 more of these so I have 2 in each color. The adjustable straps work great and it is a low plunge so I can wear my v-neck shirts with no problem!,2026-07-06
B0GXDSWQVC,AF8159B00L-B91,美国,5,Excellent back support,"Great product! It provides excellent back support, helps improve my posture, and is comfortable to wear for hours. It fits well, feels sturdy, and has made a noticeable difference. Highly recommend if you’re looking for extra back support and better posture!",2026-07-06
B0GTKTXBX4,AB2188C2XL-B72,德国,5,Sehr angenehm zu tragen,"Der Kompressions BH von Junian ist sehr angenehm zu tragen,  super Stoff und er passt . Klar , er k?nnte am Rücken und unter den Achseln etwas l?nger sein,  um mehr Gewebe zu kompressieren und die ?ffnung für die Prothesen muss gr??er sein . Aber für den Preis  ist das ganz ok . Man kann ja die ?ffnung etwas aufschneiden und s?umen , für Brustprothesen.",2026-07-06
B0GT4T9XTQ,MD6333A0XL-B91,美国,1,Not worth the buy,Doesnt even fit sizing is way off,2026-07-06
B0GSXX7FF6,AD6783A-72-3XL,加拿大,5,A must - have,"This shapewear is comfortable to wear and provides a nice amount of support without feeling overly restrictive. The material is soft, stretchy, and smooth under clothing, creating a flattering silhouette while still allowing for comfortable movement. It stays in place throughout the day and doesn’t roll up or bunch like some other shapewear I’ve tried. The overall construction feels well made, and the stitching has held up nicely. Overall, it’s a great option if you’re looking for comfortable everyday shapewear with good tummy control.",2026-07-06
B0GLF3QQKZ,AA1170A-72-M,西班牙,4,Bien,"Me gustó, pero pensaba que era entera los encajes",2026-07-06
B0GKFXFFXX,AD6912A-91-L,德国,5,Very Good Compression T-Shirt,"I bought this compression T-shirt few weeks ago although abit skeptical at the beginning and once I recieved the product in L size and tried it, Hmmm, really fit well, very comfortable, the elasticity is very good and firm on my body.  I must say it is a good buy and will recommend it for anyone  searching for a compression T-shirt.",2026-07-06
B0GK2GY7QQ,AD6839A-91-M,美国,5,Fabuloso,"I absolutely love this bodysuit! The material is soft, stretchy, and very comfortable. It fits perfectly, hugs my body nicely, and looks flattering with jeans or skirts. The quality is better than I expected, and I’ll definitely be ordering more colors. Highly recommend!”",2026-07-06
B0GK2CZZZZ,AD6839A-70-L,美国,1,"Nice style, not my favourite",Made for a very small waste person does not fit in normal body type torso too short,2026-07-06
B0GJJ3CTRW,AD6877A-91-M,美国,4,GOOD LOOKING ITEM JUST AS PICTURE BUT......,"THIS ITEM IS PROBABLY BETTER SUITED FOR SOMEONE WHO HAS A LONG TORSO, WHICH IS WHY I DID'NT GIVE IT 5 STARS.",2026-07-06
B0G6X2SLZF,AD6825A-72-L,美国,5,Do not scroll past. You MUST try this item A++,"When I opened this up, I thought well that’s not going to fit and certainly not going to hold anything. Man was I wrong. Not only did it fit but dang I was snatched. I don’t use that word lightly. I felt so amazing. It did not roll down or move. Definitely recommend",2026-07-06
B0G5L71F8M,AC3596A-91-L,美国,2,Ok,Even with the correct size it was way to small and super tight!,2026-07-06
B0G43LP917,AB2420A-91-2XL,美国,5,One of the best bras I’ve ever had!,This is one of the most comfy bras I have ever purchased online. Fits well isn’t too tight and the straps are wider so then don’t fall down.,2026-07-06
B0G43K558M,AB2420A-91-XL,美国,5,Bra,The bra fit nice my only complaint is that it starts to split in between the cleavage.,2026-07-06
B0G2MHJZ4S,AD6460A4XL-B91-P,美国,5,I think I'm going to buy another one,I absolutely love the bodysuit it's extremely comfortable you don't have to wear a bra with it I have 46 double D's that are quite heavy and no bras needed. The nipples show a little bit but I'm not worried about it.,2026-07-06
B0G1SPVMFF,AB2187B3XL-B27,美国,3,Disappointed,"I originally enjoyed every aspect of this broad the fit was good the convenience of putting it on and taking it off and the choices of colors perfect. After watching it several times I noticed that 3 of the bottom hooks started to loosen and the inner seam hardened like plastic melting.I did originally enjoyed my short use of this brought for a very delicate time in my life. However, I am extremely disappointed and other customers should be aware of the lack quality and limited longevity.",2026-07-06
B0FX53S52H,AD6832A-72-M,美国,4,Buen producto,Es buena,2026-07-06
B0FNWLPCNC,AB2252A00L-B70,美国,4,"Well made, get bigger size","This bra is very well made. The only thing is it runs small  i would get at least 3 sizes bigger. The shoulder straps are velcro adjustable. There is no fat gap, smooth fit in back and on sizes.",2026-07-06
B0FNWLPCNC,AB2252A00L-B70,美国,3,Very comfortable and worth the price.,"I really wanted to like this bra, but one thing is preventing me from buying another. I really did like the idea of velcro straps but the metal inserts are way too small to fit the strap through. I wrestled with these for a good part of the morning making me late leaving for work. Please make these larger plus the breastform pockets need to be a little larger.",2026-07-06
B0FNWL9X6J,AB2252A2XL-B72,美国,5,LOVE IT!!!,"I LOVE THIS BRA!! On 5th day post surgery for unilateral mastectomy my bra from the hospital felt especially awful—riding up, pressing on everything, etc. So I found this bra on Amazon & it looked like just what I needed. Came quickly. Very soft, supportive, doesn’t ride up, so comfortable, excellent price. . I did size up from Amazon’s suggestion of a XL to a 2XL & it’s a wonderful fit. This bra did receive some mixed reviews but it worked wonderfully for me:). I only wish now that this company made bras with prosthetic pockets:)",2026-07-06
B0FND9PZML,NA1166B-91-XL,美国,2,Nice but runs small.,After surgery. I needed compression. I usually need a medium/large.  Ordered medium. .  Was about a 3 inch gap. Reordered a XL is comfortable & has compression.  I am 5’5 167 lBS.I am happy with the structure & fit.  *also- they must charge a restocking fee for returns.  About $5.00.,2026-07-06
,AA1166A-91-XL,,,,,
B0FND7DY24,AA1166A-91-L,美国,5,Great waist trainer and back support,It actually looks durable for the price. Very sturdy. A bit flexible & holds the curve it’s comfortable & not pinching your skin. Size is exactly what it is. Very easy to close & zip up too.,2026-07-06
,NA1166B-91-L,,,,,
B0FLD7PYTN,AD6478A00M-B72,美国,3,way too compressing,Size up for sure unless you like your ribs being crushed. Such a tight fit.,2026-07-06
B0FKBSM66R,AD6573B00L-B91,美国,5,Easy to use and feels great!,"Love it. Holds you in and is comfortable! I live the eye hooks in the crotch. When you unhook them, everything else stays in place so you’re not struggling to get them hooked again.",2026-07-06
B0FKBLKB7L,AD6573B0XL-B72,美国,5,Great item,Love this item helps me very much after my surgery,2026-07-06
B0FHGXJPSN,JD7092B-53-3XL,美国,1,Waist trainer,It didnt fit,2026-07-06
B0FHDQ1QNK,JD7086B-53-L,美国,1,Loose fit,Fits very large and loose,2026-07-06
B0F633WXZW,AB2187B2XL-B91,美国,3,Hurts,"I just had open heart surgery and being class where it comes together is really, really tight on my breastbone I do not recommend",2026-07-06
B0F62TS34F,AG6663A00L-B91x2,英国,5,Keepfit,Very good buy,2026-07-06
B0F4XNDL55,AA1162A2XL-B91,美国,5,Make sure you get the right size!,"Remember, the whole idea behind this design is to have enough compression. I originally bought a xxl. Based upon the sizing recommendation, returned it for an xl and eventually wound up in a large in order for it to produce the desired effect.  What great high quality product.",2026-07-06
B0F4W74P9Q,136C-B-XL,美国,1,Didn't like,Did not like the fit definitely gave me a muffin top and didnt hold like described would not recommend it to someone overweight trying to hid,2026-07-06
B0F4QLQYBY,AD6527AXL2-B70,美国,3,Stretchy and flattering,Fits well. I would size down if your in between sizes.  Super stretchy.,2026-07-06
B0F4KJYM5N,BB2288A85D-B28,美国,5,Gits true to size!,Absolutely love it!!!!,2026-07-06
B0F4DK623N,AB2188B0XL-B72,美国,5,Comfortable and good support,My first front zipper bra and I was not disappointed.  Good support and easy to zip. Soft material.,2026-07-06
B0F2F3PMM6,AA1133A00S-B53,美国,5,The best one I've had.,I love this waist trainer. It fits good and tight and there was a lot of sweat when I took it off.,2026-07-06
B0F289TBY2,AB2124C00L-B70,美国,3,Meh,This is one tight little baby and it will flatten you like never believed. I ordered a size up and it's still a struggle to get into. Won't be buying another.,2026-07-06
B0F288T2Q1,AB2124C00M-B91,美国,1,Impossible to put on,This thing is impossible to put on. I bought it because I thought the front zip would be easy after surgery. I was very disappointed and returned it.,2026-07-06
B0F17YDMSH,AD631110300S-B91,加拿大,5,Excellent corset,"Among all the corsets I've bought, this is the most excellent!",2026-07-06
B0DYJ9MB7Q,AD6623ALXL-B91,美国,1,First class foolishness,Sizing is extremely questionable.  It honestly appears to be something that a very small toddler could wear.  Ridiculous.,2026-07-06
B0DW3RW2YC,RB2262A0XL-B10,日本,5,1枚持っておいてもいい,これから浴衣の季節なので大活躍の予感～～?締めつけもキツ過ぎず快適です。ピンクかわいい元の7割～8割つぶれる認識。肉感もやや残るし、シャツ1枚だと膨らみも分かりやすい。内側にポッケがついてるので気になる時にパット類を入れられるのも非常に良い。デブでも着れるの嬉しい,2026-07-06
B0DMF42BB6,AC3359A00S-B72,法国,3,Avoir pour les autres,ne me convenait pas pour moi,2026-07-06
B0DLJYL51K,AD6630A0XL-B72,美国,5,Good quality and fit,Item was as described and fit correctly but it may be a bit pricey for some,2026-07-06
B0DKWWB2Y3,,荷兰,1,Maat M valt zeer klein ik weeg 80 kg,Deze M is super klein past niet,2026-07-06
B0DK6TY8RT,AB2253A00L-B72,美国,5,Soporte y comodo,Excelente para una recuperación después de una cirugía de bustos.,2026-07-06
B0DCB8JMGM,AA1037B00M-B70,美国,5,Returned,I am returning due to the configuration not meeting my needs,2026-07-06
B0D924VNJW,AB2261B00S-B72,美国,5,Worth Every Penny!!!,"I am so happy with this purchase. I had surgery and was given a compression bra. I needed another to wear while the other was being washed. I was not sure what to expect with this one; once I received it and put it on, it was perfect! I would highly recommend this brand. Not only is it affordable, but it serves its purpose. Very lightweight, and the material is very comfortable. I actually like this one more than the one that was provided to me.",2026-07-06
B0CW1MH3PY,AD6602B00L-B91,美国,5,Great item,"It’s great for the price. It does keep slim your waist and gives it more shape. It compress it but doesn’t suffocate you. The material doesn’t look cheap. It looks durable. It is somewhat thin and elastic, so it does not show much on your clothing.",2026-07-06
B0CP8S4MXG,883C-B70-M,美国,3,Good,Good product but my waist doesn't look like the photo when I wear it! lol,2026-07-06
B0CP6P22C3,MA1088B00L-B91,美国,5,Hermosa,Muy buen,2026-07-06
B0CP2C79K1,AB2186B00M-B72,美国,5,"La mejor opción, postquirurgico","Es la mejor opción si te hicistes una cirugía, su tejido de algodón se siente suave luego de tener sensibilidad producto al proceso quirúrgico, además da el sosten y confort que necesitas",2026-07-06
B0CMX6WYBX,AD6383B0ML-B72,加拿大,2,It's okay,I followed the size guide but the item is quite large. It still offers some smoothing but I wish I had purchased a smaller size.,2026-07-06
B0CMSYFKK5,AD6586A00M-B91,美国,3,"Snug torso, but arms were long & baggy?!","I followed the size chart & got a Medium. It had nice snug compression in the stomach area like I was hoping for, but the arms were disproportionately long & baggy for a Medium…?! Seemed like Lg or maybe XL arms on an otherwise Med top…?",2026-07-06
B0CJ9C8X56,AA1037C00S-B72,美国,5,Excelente compra,Excelente producto.Me encantó porque se puede usar en cualquier ocasión y no se dobla cuando llevas un vestido o una blusa. Es muy cómoda y discreta. La recomiendo totalmente.,2026-07-06
B0C8JBVRVX,AD6464B00S-B91,美国,5,good,good fit says hand wash but has held up in washer,2026-07-06
B0C7VL2XLY,252C-B-L,美国,3,Calidad,"Bonita pero, no es lo que esperaba",2026-07-06
B0C7H49NXC,AD6159B4XL-B72,美国,5,Fit and Sizing spot on,Bought this for hubby who has degenerative discs in lower back. The compression helps him throughout the day when he sits for long periods or even when he walks more than he wants. He is 5.8 around 250 lbs. I purchased XXL. The tank is long enough to cover the lower back and still be tucked into pants without the worry of rolling up and out. He likes it and wears it 3 times a week. I prefer to wash by hand and hang it to dry hoping to maintain it’s elasticity and textile stability.  I believe it will last . Glad I purchased it,2026-07-06
B0BTYJTP9D,AB2188C00M-B70,美国,5,Bought two more,"Great support, easy off and on. Fully adjustable.",2026-07-06
B0BTYHKTFN,AB2188C3XL-B70,美国,3,Too small for me but nice bra,It was too tight for me but it was comfortable and easy to put on and it did lift up the girls and good support,2026-07-06
B0B53KKPNQ,AA1110B00M-B53,美国,5,Comfortable and Supportive Waist Trainer,"This waist trainer is comfortable to wear and provides a secure fit with the adjustable closures. The material feels sturdy yet flexible enough for everyday use. It fits well under clothing and stays in place during daily activities. The quality is nice, and it feels well made. Overall, it is a practical option for anyone looking for a supportive waist trainer.",2026-07-06
B0B3J3RQ4P,AD6044B00M-B91,法国,5,Taille parfaite,"Produit parfait pour para?tre plus mince au niveau du ventre des poignées d amour et des pectoraux, de plus le maintien du dos donne une bonne imageTaille m pour 76 kg",2026-07-06
B09NQWP7S3,AD6236B00S-B91,日本,5,サイズは普段より小さめを。,レビューを見て、明らかにMかLの私ですがSサイズにしましたが、正解でした！締め付け具合も普段使いにはちょうど良く、脱ぎたい！とならずに一日中来ていられました。食べ過ぎ防止にも良いかもしれません。あと、もうちょっとキツめも欲しいので、XS..XXSサイズくらいを作って頂けたら嬉しいです。よろしくお願いします。,2026-07-06
B09H22Q365,1604-B-XL,西班牙,5,Perfecto,Me encanta.,2026-07-06
B07SZSB4V9,AC307698300L-B91,加拿大,2,No tummy control,They don't stay up above the waste roll down,2026-07-06
B07KF756DP,6601-B-2XL,美国,5,Great Fit,"I absolutely love this tummy control top, it is the first one I have had that does not roll down under my back fat in the back. Great fit.",2026-07-06
,6601B-B-2XL,,,,,
B07HQCZZB8,AD603298100L-B91,美国,4,Arm is one size fit all,"It was great for post op coming home. But as I started to slim down, I noticed only the straps to the back changes size. Not the arms. It seems as if the arms are one size fit all.",2026-07-06
,AD6032B00L-B91,,,,,
B07HQ8RPPV,AD603298100M-B91,美国,5,Worth the buy,Fits perfect! Tight arm compression and lifts,2026-07-06
,AD6032B00M-B91,,,,,
B0GY47P8D2,AB2250B3XL-B91,法国,5,"Confortable, facile à enfiler et parfait pour mon sport","?? Très pratique à mettreC'est la fermeture par boutons-pression qui m'a donné envie de le choisir. Il s'enfile très facilement, sans avoir à le passer par la tête.?? Un excellent maintienJe l'utilise principalement pour le sport. J'ai souvent du mal à trouver des brassières qui me conviennent, mais celle-ci offre un très bon maintien tout en restant confortable. La taille correspond parfaitement à celle indiquée.?? Une matière agréableLe tissu est doux, agréable au toucher et confortable à porter. Son design est sympa, ce qui permet de le porter sans avoir l'impression de mettre un sous-vêtement purement technique.Je le lave en machine à 30 °C et il conserve sa forme ainsi que son maintien après lavage.Je suis très satisfaite de cette brassière et je la recommande.",2026-07-05
B0GVYV35TY,AC3606A-72-2XL,美国,3,It’s ok,"It was okay overall, but not exactly what I expected. The material is very thin, and it tends to roll down throughout the day, which makes it uncomfortable to wear. The fit isn’t bad, but because it keeps rolling, I found myself constantly adjusting it. It might work better for others, but it wasn’t the best option for me.",2026-07-05
B0GTMC6VN5,AD6898A-91-L,美国,5,Buen material,Está faja la estoy usando en mis posparto y me encantó,2026-07-05
B0GT48WF4R,AD7082B00M-B53,法国,4,Gilet sauna efficace et bien pensé,"Ce gilet de sudation Junlan pour homme fait clairement le job. Je l’ai utilisé sur plusieurs séances de cardio et de renforcement, et la transpiration arrive très vite. Le tissu type néoprène est assez épais, ce qui aide à créer cet effet sauna, mais il reste souple et ne gêne pas les mouvements. La fermeture éclair tient bien, et les coutures semblent solides, ce qui est important pour un produit qu’on enfile et retire souvent.La ceinture intégrée est un vrai plus : elle se règle facilement, plaque bien le bas du ventre et apporte une compression agréable. Je trouve qu’elle aide à garder une bonne posture, surtout sur les exercices debout. Les crochets à c?té de la fermeture éclair sont pratiques pour l’enfiler sans galérer, surtout quand on transpire déjà un peu. Niveau confort, on sent la chaleur monter rapidement, mais ?a reste supportable tant qu’on ne fait pas une séance trop longue.Pour l’efficacité, on est sur un produit qui augmente la sudation, pas un br?leur de graisse miracle. Sur un tapis de course ou un vélo d’appartement, la différence est nette : on transpire plus, ce qui peut donner une sensation de travail plus intense. Par contre, comme souvent avec ce type de gilet, il faut accepter que ?a retienne beaucoup la chaleur. En été, c’est vite trop.C?té taille, mieux vaut suivre le tableau du fabricant, car le gilet taille plut?t ajusté. Si vous êtes entre deux tailles, je conseille de prendre la plus grande pour éviter une compression trop forte au niveau du torse. Pour l’entretien, le lavage à la main est indispensable : le matériau n’aime pas la machine, et un séchage à plat permet de garder l’élasticité.En résumé, un gilet de sudation efficace, bien con?u, qui tient ses promesses pour augmenter la transpiration et améliorer la posture. Il reste confortable, mais à utiliser de préférence sur des séances courtes ou en intérieur pour éviter la surchauffe. Pour le prix, c’est un bon rapport qualité?performance.",2026-07-05
B0GL1FXGLY,AD6844A-91-L,美国,5,Prefect fit,Great I love itMakes the girls look great,2026-07-05
B0GK17SQJK,AA1124A3XL-B53,加拿大,1,Not good.,Thing is so cheap and there is only 3 buckles. Fyi.,2026-07-05
B0GF1ZRCLF,AD6506B0XL-B91,美国,2,Ok,Not as good as I expected,2026-07-05
B0GBTYY2SY,252C-B-L,加拿大,5,I like the fit,Love it,2026-07-05
B0G7JSG7TQ,AD6863A-91-XL,美国,1,Corset,Returning this item - not easy to even try on with the difficult hooks that weren't in the description when I selected the product.,2026-07-05
B0G7JMC4XN,AD6863A-72-M,美国,5,Bien,"Si eres talla M, pídete una S y si eres S pídete una XS me pedí la M del primer momento sentí que me quedó grande ya estoy en el tercer en el tercera línea y la compresión es mínima, también no es una faja extremadamente gruesa ni sofocante es bastante ligera",2026-07-05
B0G51RTHF4,AD6044B00L-B91,美国,4,8/10,"I was wearing an extra large, but it became too big. Now, I wear a large, which is also starting to feel too big, so I need to get a medium to tighten things up. I wish it offered more shoulder support, but overall, it’s not bad and I do like how I look in it.",2026-07-05
B0G4LG24CG,,美国,3,Thick Girls Size Up,"I have a smaller waist in ratio to my hips, butt, and thighs. I needed 2 sizes larger",2026-07-05
B0FX3MWK5Y,ND6763A-91-M,美国,1,Not good quality,The zipper ripped the second time it was worn.,2026-07-05
B0FRXQ3DD8,AF8118B0SM-B91-JP,日本,3,軽くて良いがサポート力はないかも,ガッチリ固定するサポーターはあるのですが、薄くて夏でも蒸れない物を探していました。その点では満足ですが…やはり腰を支えるというようなサポート力はないです。もう少し幅があるとか腰の部分だけ太くなっていたら良いかも。最初見た時にこの長さじゃ足りないと思ったらすごく伸びるので大丈夫でした。他の方のレビューにもありますがマジックテープはかなり強くて外す時はバリバリとかなり力がいります。薄いのでパンツにひびかない、苦しくない、手軽に着けられることが良かった。もう少しサポート力(細いからなのか？)があれば良かった。重い荷物を持つ仕事ではムリかもしれませんが腰のどの位置がベストか模索しながら家で使ってます。,2026-07-05
B0FLD4XSVQ,AD6478A00L-B70,美国,2,"Not shapewear, but still workable","Came with a really awful chemical smell that, thankfully, washed out. The bodysuit is comfy and soft once the smell issue was dealt with. There is no tummy control. I would simply wear this as a bodysuit, with or without a bra, on a hot day with shorts and a cute jacket.",2026-07-05
B0FK4D2DQS,JD7087A-53-2XL,美国,3,Runs big,"Runs big, don’t size up. Works as it should.",2026-07-05
B0FHC6WXGK,136C-B-XL,美国,5,Worth it,Great shapewear that really shapes my waist and does not roll down.,2026-07-05
B0FDQ7B8FN,AD6728A-91-L,美国,5,Price,Exceeded My Expectations,2026-07-05
B0FCFBBP6B,AA1112ALXL-B91,美国,2,Waist trainer,Fabric Too thin,2026-07-05
B0F8NYHYPF,AD6693A00S-B91,美国,5,Faja post,La faja deseada,2026-07-05
B0F1XQXW56,AB2243B3XL-B72,美国,5,Post op bra!,Great “post op” bra easy to use after surgery!Great value easy to clean!,2026-07-05
B0DY82GR9N,AG6663A00L-B91/B70,英国,5,Brilliant!!!,"Absolutely brilliant!  I was very sceptical if they would be able pull my bloated mess of a body into any type of a human shape,… they did, and do!!!Buy your usual size, and bask in your new beauty!!!",2026-07-05
B0DXV4KL3K,AA1037C0XL-B91,加拿大,4,Decent,it's good does what it Madewell just too bad it doesn't have some extra lines of tighter it only goes so,2026-07-05
B0DW8P5791,AD6524A0ML-B91,美国,5,Comfortable and flattening,Works really good- doesnt hurt my back,2026-07-05
B0DJMGLPMG,252B-Y-L,意大利,5,Ottimo,"Ottimo tessuto , ottima vestibilità e fascia bene!",2026-07-05
B0DCYH4NRF,AD6464B00L-B70,日本,5,胸潰す,娘の踊りのお稽古用に購入娘は丈が普通の和装ブラに比べながく良かったといってました,2026-07-05
B0D8B6H4QF,AB2256C3XL-B91,美国,3,Okay Front Zip Bra,I appreciate the zipper but I can’t figure out why ALL the available front zip bras were just flat ugly. This model was the least so but it still leaves a lot to be desired.,2026-07-05
B0D848KX8H,AC3309A0XL-B91,日本,5,履きやすい！！,色々な商品を試しましたが、履きやすさ、フィット感、動きやすさ、トータル的に最高です！！早速追加注文しました。,2026-07-05
B0D4LYW4SW,RB2263A00L-B70,日本,3,夏は無理,シッカリして安心だけど夏は暑い。暑さに強い人か着物着て写真だけ写す人には良い品です。,2026-07-05
B0CKQPG9ZN,AD6560B00M-B91,美国,5,Runs small for me,I normally wear a medium in tops. I ordered a medium.  This was way too tight. I’m exchanging this for at least an extra large.  It seems to be good quality. I’m 5’2” and weigh 145lbs.,2026-07-05
B0CJ9C8X56,AA1037C00S-B72,美国,1,Not comfortable,"It’s too long for my torso and the bones dig into my body. Sitting down with this on is so uncomfortable.It was hard to determine what was the correct size based on reviews, my other shaper is the same size and that one is more comfortable.",2026-07-05
B0CGRTYXYM,6601B-Y-4XL-P,美国,5,????,Supportive and not totally uncomfortable,2026-07-05
B0BW96VS63,AD60259810XL-B70,美国,5,Awesome product!,Love this product! It’s a bit pricey but worth it. Not the easiest to wash though. I got a size up from what I usually wear because of the reviews and its fits well. It’s a little look around the chest/ shoulders/ upper back though. Maybe I should try my actual size next time,2026-07-05
,AD6025B0XL-B70,,,,,
B09TVG8TLJ,883C-B-XL,美国,4,It didn't irritate my skin.,I liked it alot. It was easy to put on and take off.,2026-07-05
,883B-B-XL,,,,,
B07JB38PN8,883C-B-S,英国,1,Crap,Absoloute crap' 1st day of wearing it and it kept rolling up and the wires were very  uncomfortable.dont waste your money,2026-07-05
B07CJZC3PP,12008B-B-M,美国,3,Size down for a better fit,So base on the reviews I selected medium but I should have size down cause it fits bigger than it should. My waist is 31 but it fits a bit loose so take a small if your waist is 27-33,2026-07-05
,12008C-B-M,,,,,
B07CJ561N5,12008C-B-S,美国,5,Cinturilla para entrenar,"Pedí esta faja moldeadora y es increíble la diferencia que marca en ti, la utilizo siempre en mis entrenamientos y cuando hago aseo del hogar",2026-07-05
,12008B-B-S,,,,,
B071DLY9SC,1604B-B-XL,英国,5,Buy a bigger size,Im a size 14 and ordered XL and i can't even do it up. It was packed well and delivered on time. I am giving it to my daughter and I will buy a bigger size.,2026-07-05
B0H2GV28Z6,AB2439A-91-L,美国,5,Lightweight post op/sports bra,"Great coverage, support and minimizing. Love the front zipper and compression where it matters!",2026-07-04
B0H2GS7DQR,AB2439A-91-3XL,美国,5,I’m in loveeeee!!!,I absolutely love this product !!! This bra is easy to put on and makes me feel secure ! And very comfortable I will be purchasing again????,2026-07-04
B0H2GQGQ8Q,AB2439A-70-XL,美国,5,"Front closure, adjustable straps, light compression, to size, comfortable easy to wear","Full coverage self-locking plastic zipper and three hook front closure bra with wide adjustable Velcro straps. 55% Polyamide and 45% Spandex, breathable and comfortable. Light compression. True to size, no underwire. Soft cups without padding. Full back coverage.",2026-07-04
B0H14YCBVX,AC3627A-91-L,美国,4,Size up for every day wear,"I got a large as that's my usual size, but I feel like I should've gotten an xl. Really snatches you in, I don't feel super comfortable sitting down with it on. There's some boning on the back and front but it doesn't poke me or dig in at all. If you want to look extra snatched, I would say get your usual size, but for everyday shaping go up a size. It does smooth things out nicely.",2026-07-04
B0H11LG1M5,,德国,5,"Sitzt super, ist sehr angenehm zu tragen, sehr zu empfehlen","Dieser Kompressions BH nach der Brust Op ist sehr gut verarbeitet und sitzt auch sehr gut. Er ist auch sehr angenehm zu tragen. Im Krankenhaus wird auch diese Variante mit Rei?verschluss bevorzugt, da er sich schneller ?ffnen und schlie?en l?sst.Bei diesem war an einer Seite die ?ffnung für die Prothese zu klein und ich musste sie etwas vergr??ern, aber einfach etwas offen schneiden und alles passt problemlos. Vielleicht war das ja auch nur bei meinem so und war eine Ausnahme.Ich bin mit beiden Varianten sehr zufrieden, auch der mit den H?ckchen vorne ist super.Kann ich auf jeden Fall weiterempfehlen.",2026-07-04
B0GY4LG2PM,,德国,5,"Toller BH, sitzt gut und ist angenehm zu tragen.","Dieser Postoperative Kompressions-Bh mit Vorderverschluss mit H?kchen ist sehr gut verarbeitet und Dank den H?kchen vorne kann man ihn individuell sehr gut anpassen. Im Krankenhaus bevorzugen sie die Variante mit Rei?verschluss, da dieser schneller zu ?ffnen und zu schlie?en ist.Ich finde sie beide klasse. Sie sitzen super und sind auch sehr angenehm zu tragen.Kann ich auf jeden Fall weiterempfehlen.",2026-07-04
B0GXK5Z3ZQ,AC3269A0XL-B91,美国,5,Love it,"Love it!!!! I have no butt, so it helps with a little lift. It looks good, when i wear some clothes, that need a little something.",2026-07-04
B0GTZ6G275,AD6638A00L-B91,美国,5,"Love It, Just Size Up","Loved it! Definitely size up because it runs pretty tight, but it’s designed that way for compression. It snatches you so good! ??",2026-07-04
B0GT4F8T5X,AD7082B2XL-B53,法国,5,5 étoiles,Marche très bien,2026-07-04
B0GS5XCG1F,ND6941A-70-S,英国,3,Don’t look at the form after the resa different one with reviews,The before and after results on the picture aren’t you really over exaggerated and it’s not like fabric like you’re the expect it’s more like a rubber and it’s really itchy and it doesn’t even downsize you that much,2026-07-04
B0GRFR8LGG,MD6600A3XL-B91,美国,4,Not bad,Would go down a size for compression. Not the best material but it does a pretty good job,2026-07-04
B0GQBBGLML,ND6941A-70-M,法国,4,"Très élastique, confortable à porter, parfaite pour dissimuler certaines rondeurs.","Cette maillot de corps style marcel faite avec un mélange de 67% de nylon et 33% de spandex, est très confortable à porter, même avec la sensation de compression qu’elle exerce sur le buste.Son tissage est spéciale, on y voit des alvéoles qui s’ouvrent sous l’effet de l’élasticité du tissu.Cela permet au corps de respirer malgré l’utilisation de la fibre de nylon.L’assemblage est aussi novateur, la pièce ne possède pas de coutures, elle semble avoir été directement tissé sous cette forme.Il n’y a pas non plus d’ourlets, les extrémités sont directement tissés sous cette forme, permettant de minimaliser l’épaisseur du maillot sur toute sa surface.Même avec une chemise blanche , près du corps, portée au dessus, on ne distingue pas la présence du maillot en dessous.Il est un peux difficile au début à mettre puis à ?ter, mais avec le temps on s’habitue et l’on trouve même des gestes qui facilite l’opération.Il m’a semblé que la transpiration avait de la peine à s’échapper lors d’activités plus physiques comme la danse , ce serait mon point négatif si non pour le reste, je le recommande volontiers.",2026-07-04
B0GJT6W344,AD6607B00M-B91,美国,1,"Very unsatisfied, will return.",The jumpsuit comes very low on the chest and basically smashes your boobs down so it looks unflattering. The jumpsuit also comes with a built in mesh like underwear so it smashes your butt down and makes an indent and essentially an underwear line. The sewing of the butt feels awkward too.,2026-07-04
B0GJRTLW4B,JD7094A-9B-M,美国,5,"Best cut, best fit while working up a sweat.","This is a SPECTACULAR DESIGN!! Best thing I’ve ever worn. This was made with me in mind ??. The cut, the fit, the style, absolutely superb ??. I wish I could find this sauna suit in regular athletic wear. Love love love ??",2026-07-04
B0GHLM8L6Y,AD6878A-91-S,美国,5,Nice,"The bodysuit is a nice, sexy addition to my collection. It does have compression to it although not to where it’s too tight. Sheer mesh, but not see through due to the double layer of fabric. Overall it’s versatile enough to be worn in a variety of styles and settings.",2026-07-04
B0GF1TR35D,AD6883A-72-L,美国,4,Buena opcion,Ayuda bastante,2026-07-04
B0G2QJP41H,BB2411A-91-L,美国,5,"Comfortable, Supportive & Great Even as an Everyday Bra","I originally bought this as a post-surgical bra, but I've been wearing it as a regular everyday bra because it's so comfortable. It provides gentle compression—more support than a regular bra, but not nearly as restrictive as a sports bra. The wide, padded straps are incredibly comfortable and don't dig into my shoulders, and I love the full-coverage back for the extra support and smooth fit.The front zipper makes it super easy to put on and take off, and the overall quality feels great.",2026-07-04
B0FY7BGJ1J,AB2250B00L-B70,美国,3,Nice but noticeable,This is fine except you can see the buttons through the shirt so it’s a little weird looking. It would be fine under a sweater,2026-07-04
B0FX3NSB8T,ND6763A-91-S,美国,5,Quality,"I liked it very much, it's also very comfortable",2026-07-04
B0FHGVYVG9,JD7092B-11-M,美国,5,Es cómoda y en mi caso yo trabajo con eso,Es muy buena a mi me sirvió aparte de eso es cómoda y te hace sudar,2026-07-04
B0FFB8B1ZN,RB1157A00M-B91,日本,5,ぎっくりの後に,腰回りを痛めてしまって急きょ買いました。すぐに届くのがMだったのですが、やはりちょっと大きかったです。セールになってたので、今後のためにＳも買い足しました。ちなみに157cm、45kgです。,2026-07-04
B0F8Q8QBMX,252C-B26-L,美国,5,Comfortable,Very comfortable the size is good.,2026-07-04
B0F2912TMW,AA1134B00S-B53,美国,3,The small size is too big,"The quality is good, it seems like good material, but it’s for bigger people only! The smallest size hooked on the very last hook it’s still too big for me, there was zero compression specially on the waist area, it’s supposed to be a waist trainer and it’s lose on that area.",2026-07-04
B0DTKHL2Y4,AD6638A00L-B91,美国,3,"runs small, size up 1-2 sizes","runs small, size up 1-2 sizes. good compression. struggle to get it up over thighs.",2026-07-04
B0DKHTHSSX,RB8181A00L-B91,日本,5,これからに期待！,迅速、丁寧な対応でした。商品は使い始めで、まだ馴染んで無いので体にフィット感はこれからのイメージです。,2026-07-04
B0DKHTHSSX,RB8181A00L-B91,日本,5,買って良かった,朝一にすぐ届きました。さっそく装着していますが五十肩の痛みが軽減されます。装着したままストレッチすると良いのかなと思います。寸法がぴったりだったので装着する際少し手こずりましたが何とか装着できました。今日は雨で気温が低かったので汗をかかずにいられました。運動する際の付け心地はまだ試せませんが、買って良かったと思います。,2026-07-04
B0DCVSN6WK,AD6549C2XL-B91,加拿大,5,Get it!,Got XXL for my 7 mo old pregnant belly and it fit well! Super cute and comfy for a night out:),2026-07-04
B0D7VGW61M,AA1107A3XL-B91,美国,4,Great concept but...,Great concept but if you've got stubborn rolls the material rolls up a bit,2026-07-04
B0CZLHHCQZ,AF8135AXL2-B91,英国,4,Surprisingly effective,I bought this because I am sat at a desk all day and got into bad habits slumping forward.  It did what I expected by pulling my shoulders back which encourages to sit upright.  It also feels comfortable when walking around and having my upper posture improved has helped reduce my lower back pains.  Only downside is it does make you feel sweaty around the chest after prolonged use.  You do need to go for a larger size to ensure comfort,2026-07-04
B0CR68DZH8,AC311410300L-B27,美国,1,"Very disappointed. Looks like four individual pads when wearing, not like natural curves.",The pads are spaced apart far enough on mine that if you wore it under anything even a little form fitting (doesn’t even need to be really tight) it’ll LOOK like you are wearing pads. Not even a little bit natural looking. These were a complete waste of money. I will not be using them at all.,2026-07-04
B0CP8S4MXG,883C-B70-M,美国,5,Great,This works great through the day for what I wanted. It is not noticeable under clothing,2026-07-04
B0CP2463BX,AG6159B00L-B91/B70,美国,5,Does it's job well.,"Fairly comfortable to wear, super breathable, works well for gyno nips showing through your shirt. No more Band-Aids.",2026-07-04
B0CH4R38LY,AB2186B2XL-B91,加拿大,5,Nebility Women Front Closure Compression Bras,"The Nebility Women Front Closure Compression Bra is comfortable, supportive, and easy to put on thanks to the front closure. It provides great compression without feeling too tight and offers excellent support throughout the day. The material is soft, breathable, and holds up well after washing. A great choice for everyday wear or post-surgery recovery.",2026-07-04
B0CGRNH2ZV,6601B-B-4XL-P,美国,3,A little thin,"They’re ok, not that firm.",2026-07-04
B0B53KFT48,AA1110B2XL-B53,美国,2,Waist trainer,Not true to size would size up,2026-07-04
B09TVGQZ8C,883B-B-S,美国,3,Not for the short torso gals,I wore it for a few hours around the house. It’s definitely NOT for the short torso people. I am 5’3 140lbs and got a size small (I wear size M in clothing) .I wanted it for PP belly. The item goes all the way up under my breast and to the top of my bum( pic#1 again short torso). Sitting down it can  help with posture I guess but starts to poke and make it uncomfortable. I tried to fold it in half (pic#2)which is a better fit but it does show a lot bulging wires and it hurts…I’m going to return it cause it’s not a good fit for me. But for longer torso- maybe and it has ok support and tightening just size down to make it effective.,2026-07-04
,883C-B-S,,,,,
B09NQWP7S3,AD6236B00S-B91,日本,5,ユニクロでXLの人でもこの商品はMかS,身長163cm/体重60?64kg（変動しやすい体質）/ウエスト86?97cm（1番くびれてるところ?1番出っ張ってるところ）/ヒップ100cm/ももの1番太いところ57cm↑このサイズだと、こちらの商品なら、?いっぱい食べる予定がある=Mサイズ?美しいシルエットの綺麗めワンピースを細見せで着たい&あまり食べない予定=Sサイズという感じに2サイズ買いがベストです。私は普段はユニクロだとXLサイズでも小さくて入らない時があり、ユニクロスキニーパンツだとXLでもパツパツのシルエットになります。そんなサイズ感でも、MサイズまたはSサイズでちょうどいいです！,2026-07-04
B09ND4GHHW,AD6159B00M-B70,英国,5,Buy smaller for the best results e.g I Buy M when I wear XXL,By far the best vest I have ever used if your main goal is for a better figure by tightening up then these are perfect but if your willing to give up abit of comfort then 100% buy smaller than what you wear in normal clothes! I wear 2xl tops and I use the M vest.,2026-07-04
B09MRJT3MP,AD6352A00M-B91,美国,2,Bad fit under arms,"Got it for my wife, shes abt 165 and 5’7, she wont wear it because it cuts into her underarms too bad.",2026-07-04
,AD6352B00M-B91,,,,,
B09H2B85TY,1604B-B-L,德国,5,Empfehlenswert,Nichts daran auszusetzen.Alles gut,2026-07-04
B09H281TYF,1604-B-S,西班牙,5,Adorei,Muito.boa! Realmente de boa.qualidadw.,2026-07-04
B0924CM6BD,1604B-Y-L,加拿大,4,Thin material.,"The material was thin and wasn’t really that great plus it doesn’t do anything, but also some people in the reviews say to order 2 sizes smaller, I suggest to just order your size.",2026-07-04
,1604-Y-L,,,,,
B08L67NQFR,AA1027B0XL-Q91,英国,5,Good for under shirt too,Quality materials and no issues with the belt,2026-07-04
B08L4GV3VJ,JD6150B00M-B53,美国,1,Not true to size,Runs extremely small if you are a 16/18 the size they say on the size guide you better go up 3 more sizes,2026-07-04
,JD6150C00M-B53,,,,,
B089CZY13S,JD6150B3XL-B91,美国,2,ROLLS UP A LOT,It is ok but it rolls up a lot and tarts what i don't like and plan to return. It is not true to size so go up and 3xl is the largest so good luck,2026-07-04
,JD6150C3XL-B91,,,,,
B07ZLSQXCS,AD61180930ML-B91,美国,1,Hard to get on,Didn't work for me too small I returned it,2026-07-04
B07ZK2K3ST,AD60339810XL-B91,美国,5,??Calidad premium ?? cumple su función,"No me he operado,Me pongo una crema anticelulítica y me pongo estas mangas y luego hago ejercicio, si sigo siendo constante se que va mejorar la flacidez y lo grueso de mi brazo, esta faja es un producto premium, realmente bien cocido con detalle y gafetes, cómodo y de una tela increíble, me suda mucho entre esto, la crema y el ejercicio y la lavo a mano con jabón suave SIN SUAVIZANTE, porque da?a la licra y está como nueva , amo realmente esta faja , aprieta pero no me ahoga ni me desespera",2026-07-04
B07CJY2CDQ,12008B-B-L,美国,5,Waist trainer corset,"True to size, fits perfectly and really enhances my figure.",2026-07-04
,12008C-B-L,,,,,
B07CJ4X4DG,12008C-B-XL,美国,1,you get what you pay for,"this is very cheap quality, the straps broke within only 1 month of use & the wires dig into my skin",2026-07-04
,12008B-B-XL,,,,,
B075KBXFBK,12008B-B-M,美国,5,Trains well! Get you one!,"Love this trainer so much that I purchased it again in a smaller size, now! Great fit and doesn't roll up. Get you one! Durable and fit gives nice back support. I haven't experienced any skin irritation at all.",2026-07-04
,12008C-B-M,,,,,
B0H1GBZHZ5,AA1107A00M-B70,加拿大,5,"Wonderful Support, Holds Everything Smoothly and Feels Secure","I love this waist trainer. I was honestly surprised by how good it felt once I had it on properly. It gives me nice, even support through my midsection and back, and it helps everything feel gathered and held in place instead of loose or uncomfortable under clothing.The back support is one of my favourite parts. I noticed right away that it helped me sit and stand a little straighter, especially when I was moving around or doing things at home. It feels snug, but in a supportive way, not like it is just squeezing for no reason.The segmented design is really smart because you can adjust different areas instead of fighting with one stiff wrap. I like that I can make it fit tighter or looser depending on how I feel that day. Once it is on, it feels secure and does not shift around too much.The beige colour is also nice because it is easier to wear under lighter clothing. It gives a smoother look under outfits without being obvious.Pros:Gives great back supportHolds the midsection comfortablyHelps smooth under clothingAdjustable segmented designFeels secure once onBeige works well under lighter clothesGood support for sitting, standing, or daily wearObservations:It is definitely snug, so check the size chart carefully. I would not size down in this because it already has strong compression. It also takes a minute to get it hooked properly, but once it is on, it feels amazing.I’m really happy with this one. It feels supportive, comfortable, and gives me that secure held-together feeling I was looking for.",2026-07-03
B0H1G57H4F,AA1107A0XL-B70,加拿大,5,Supportive With a Comfortable Level of Compression,"Rather than creating an unrealistic squeeze, this waist trainer provides firm but wearable compression that works well under clothing. The segmented construction helps distribute pressure more evenly, making it comfortable enough for several hours of wear.The material remains flexible while offering noticeable support around the midsection and lower back. It stayed in place throughout the day without constantly rolling.Following the sizing chart is important for getting the best fit.Pros:Comfortable compressionFlexible yet supportiveDoesn't roll easilySmooth under clothingCons:Finding the correct size is essential",2026-07-03
B0H1FNFNJG,AA1107A00S-B70,加拿大,4,Snug feel,"I have tried quite a few shape wear products but this is the first waist trainer I have tried. I am three months postpartum and was looking for something to provide some support while doing jobs around the house. This provides some back support  and has quite a snug feel. I was only able to get it closed on the largest setting. For reference, I wear a US size 2-4 in bottoms and currently weigh around 119 lbs at 5'2"". My body type is mostly straight without very much of a defined waist. The Small in this trainer fit snugly. I believe this kind of thing should be bought slightly tight to be worn on the loosest setting, as it will give over time and become looser.",2026-07-03
B0H152YCX7,AD6939A-91-M,美国,5,It's great!,"Comfy, flattering, fit well, I love it!",2026-07-03
B0GZVKPQ6Q,AC3109B00L-B91,法国,5,Culotte short gainante femme push-up,"Nous avons ici une culotte shorty pour femme, choisie en taille L.Tout d'abord, au niveau de la taille, je peux vous dire que ?a taille bien, je me sens à l'aise dedans, c'est vraiment confortable et porté ?a ne sert pas à la taille ni aux cuisses.Le petit ajout de dentelle est très joli et donne un c?té féminin à ce sous-vêtement.Sa fonction est que d'une part, cela va gainer, parfait quand on a un petit ventre, des petites formes au niveau des hanches et du ventre, mais également au niveau des fesses, c'est rembourré, il y a un effet push-up ce qui peut faire une très jolie silhouette avec un pantalon porté par-dessus.Je vous recommande donc cet article.",2026-07-03
B0GZP6GR6G,AB2421A-91-3XL,美国,5,Comfortable wireless bra with good support,"I really like bras without underwire, so this one caught my attention. The fabric is soft and comfortable while still providing good support. The V design works well under lower-cut tops, and it gives a nice, natural shape without feeling bulky.I’m a 44D and ordered the XXL. It fits, but it’s a little snug on me. I’ve added a bra extender for a more comfortable fit, and I’m hoping the band relaxes slightly with wear. The adjustable straps stay in place, and I like having the option to wear it as a traditional back or racerback.If you’re between sizes or prefer a looser band, you may want to consider sizing up. Other than that, it’s a comfortable wireless bra that offers nice support for everyday wear.",2026-07-03
B0GXTSR592,,德国,4,Straffender Body Shaper für Bauch und Brust mit gutem Tragegefühl,"Ich habe diesen Artikel über das Amazon Vine-Programm zum Testen zur Verfügung gestellt bekommen. Das hat natürlich keinen Einfluss auf meine Bewertung, vor allem da ich nach wie vor Steuern auf das Produkt zahlen muss. Ich beschreibe hier meinen pers?nlichen Eindruck nach ausgiebigen Testen.Das Unterhemd macht insgesamt einen guten Eindruck und erfüllt genau den Zweck, den man von solcher Herren-Shapewear erwartet. Bauch und Brust werden sichtbar gegl?ttet, wodurch das Shirt unter Hemd, T-Shirt oder Polo für eine deutlich sauberere Silhouette sorgt.Positiv finde ich, dass das Material eng anliegt, aber trotzdem nicht unangenehm wirkt. Solche Kompressionsshirts sitzen natürlich straff, sollen laut Erfahrungsberichten aber trotzdem angenehm auf der Haut liegen und unter der Kleidung kaum auffallen.Auch der l?ngere Schnitt ist sinnvoll, weil das Hemd dadurch weniger zum Hochrutschen oder Einrollen neigt. Gerade im Alltag oder bei l?ngerer Tragezeit ist das ein echter Vorteil, damit nicht st?ndig etwas verrutscht.Gut gef?llt mir au?erdem, dass das Shirt nicht nur für den Alltag, sondern auch unter Businesskleidung oder bei besonderen Anl?ssen funktioniert. Man tr?gt es unauff?llig unter dem Outfit und fühlt sich einfach etwas aufger?umter und sicherer.Einen Stern ziehe ich nur ab, weil solche stark formenden Unterhemden naturgem?? ziemlich eng sitzen und das An- und Ausziehen etwas mühsam sein kann. Wer genau diesen Kompressionseffekt sucht, bekommt hier aber insgesamt eine überzeugende L?sung.",2026-07-03
B0GX6DFBVM,JD7096A-9A-L,美国,5,Perfect little sauna suit dress!!,"This sauna dress fits perfectly! Its snug as it should be, comfortable, soft, and very flattering! If you are thinking about getting one, do not hesitate!",2026-07-03
B0GX5JYMD4,AD6481A00L-B91,日本,4,好みは分かれそう,【良かった点】お腹周りや背中に適度な加圧があるため、着るだけで自然とシルエットがすっきり見えます。補正インナーにありがちな「苦しくて長時間着ていられない」という締め付け感がなく、伸縮性に優れた生地が体に優しくフィットしてくれるので、一日中快適に過ごせます。?【気になった点】補正効果を重視している作りのため、バストを上向きに「強く寄せて上げる」ような本格的なブラジャー並みのホールド力はないです。生地に厚みとホールド感がある分、真夏の特に気温が高い日に着用すると、少し熱がこもりやすいかも。,2026-07-03
B0GVK9Q74D,AD6945A-91-S,美国,5,Snatched to perfection,"I’m normally a size zero except during my cycle when I bloat to the size of a first trimester pregnant woman. This shape wear is the best piece of sorcery for correcting that problem that I’ve seen. Unlike a bodysuit, it won’t have you wildly unfastening to use the restroom and yet, you will be looking SNATCHED!",2026-07-03
B0GTMHW3M8,AD6898A-72-XL,美国,3,Runs small! Really small,I went by the sizing chart and I couldn't even get this thing on! So I'm definitely returning,2026-07-03
B0GT557RT1,AA1188A-91-3XL,美国,5,It's breathable and comfortable,"I purchased the XXXL size, and it fits comfortably while still providing excellent compression. The material feels breathable enough to wear for several hours without being uncomfortable.",2026-07-03
B0GSZGZDWB,RB8145A00M-B91,日本,3,長時間は厳しそう,薄手なので夏も使用できるがただ脇部分が痛くなる。脇パットを付けてみたがあまり変わらずパットがぐちゃぐちゃになるだけでした。背筋というか肩が後ろに開く感じはします。長時間は厳しそうに私は感じました。少し残念でした。,2026-07-03
B0GSV4154T,AB2437A-91-M,美国,3,Not what I was hoping it would be,It will shrink.  Not that comfortable.  The straps are adjustable but the curve on the back of the arm holes definitely dig in.,2026-07-03
B0GQXQZ7LC,AC3581A-91-4XL,美国,5,True to form fit!,The product was as described.  Size ran true to form.  Happy with the product.,2026-07-03
B0GQQK6HDK,AD6026C00S-B91,美国,5,Talla y calidad,"Excelente me encantó tela muy de buena calidad yo pedí talla s y peso 163 y da la compresión qué buscaba, tanto qe ayer me llegó y hoy la volví a pedi",2026-07-03
B0GQPBMNBT,AC3593A-72-3XL,美国,5,Yes,Yes stuck n nice bump very nice quality fit and tucks everything,2026-07-03
B0GQBWXVK3,AD6914A-91-L,美国,1,The band was cutting into the side of my back,This was not a good product and it was returned,2026-07-03
B0GQB7HBL8,ND6941A-91-XL,法国,4,???? Maintien solide et effet gainant visible pendant le sport ????????,"J’ai testé ce débardeur de compression pour homme en taille XL et l’ensemble m’a laissé une impression globalement positive, notamment sur le plan du confort et de la qualité des matériaux.Le tissu para?t souple, extensible et bien con?u. Le mélange nylon et spandex donne une sensation de textile technique, autant léger que résistant. La finition noire unie est sobre et discrète, ce qui permet de le porter facilement sous des vêtements sans qu’il soit visible.Un point appréciable est l’absence totale d’étiquette cousue : toutes les informations sont directement imprimées à l’intérieur, ce qui évite les irritations pendant le port prolongé. Le vêtement semble également con?u sans coutures apparentes, ce qui améliore nettement le confort.Avant utilisation, j’ai respecté les recommandations et procédé à un lavage à la main. Le séchage est rapide et le tissu conserve bien sa forme. Il ne se détend pas et ne marque pas excessivement les plis, ce qui est rassurant pour une utilisation régulière.à l’usage, notamment pendant des exercices physiques, le débardeur remplit bien son r?le de compression. Il maintient efficacement le torse et la zone abdominale, donnant une sensation de maintien constant qui favorise une posture plus droite et un gainage naturel. L’effet “ventre plat” est perceptible, même s’il reste progressif et dépend bien s?r de la morphologie.Le confort global est bon, même lors d’efforts prolongés. Le tissu absorbe correctement la transpiration et ne provoque pas d’irritation, ce qui est un point essentiel pour ce type de vêtement technique. Il reste respirant et agréable à porter.Le seul véritable inconvénient que j’ai rencontré concerne l’enfilage et surtout le retrait du débardeur. Sa forte compression le rend assez difficile à enlever, nécessitant plusieurs mouvements et un peu de patience, essentiellement après une séance de sport.Concernant les effets visuels et la durabilité, il est encore un peu t?t pour tirer des conclusions définitives. Je ressens déjà un maintien intéressant et une légère amélioration de la posture, mais les résultats à long terme demanderont plus de recul.En somme, c’est un vêtement de compression efficace, confortable et discret, adapté aussi bien au sport qu’au port quotidien sous une tenue classique.",2026-07-03
B0GKP5DWB3,AC3609A-91-M,美国,1,No es buena si buscas control de abdomen????????????,No me gusta si buscas algo que te de control de abdomen esto a mí no me sirvió queda cómodo de las piernas y la parte de arriba pero no comprime para nada el abdomen no ayuda la pancita de canguro es fatal es esa área lo demás está bien pero olvidaron ponerle más soporte en la área del abdomen bajo no ayuda nada,2026-07-03
B0GKP13DM9,AC3609A-91-XL,美国,5,It’s exactly as this on the page,I like it,2026-07-03
B0GKG8MFFK,ND6928A-11-XL,美国,5,Faja,Excelente producto y buena calidad,2026-07-03
B0GK2LD975,AB2259B0XL-B72,美国,3,Bulky,"Very bulky under a shirt. It would probably be alright under a sweater. The fit is fine, but the zipper sticks out too far.",2026-07-03
B0GK2GY7QQ,AD6839A-91-M,美国,5,Comfortable Sleep Shapewear Bodysuit,"This short sleep shapewear bodysuit is comfortable and fits nicely. It is soft, breathable. It provides light support and a smooth shape under clothing. Overall, it offers good value for your money.",2026-07-03
B0GK24WMGP,AB2259B0XL-B74,美国,4,"Comfortable, Supportive Bra with Great Adjustable Straps","I like this bra more than I expected to. The fabric is soft and stretchy, and it feels comfortable against the skin without irritation or digging in. One of the biggest positives for me is the adjustable shoulder straps—they make a noticeable difference in fit and support.It’s true to size and fits well overall. The front zipper closure is convenient, and the compression feels supportive without being too tight. I can wear it throughout the day without discomfort, even for longer periods.Overall, it’s a solid everyday comfort bra that I would consider buying again. Good value.Pros? Soft, comfortable, and stretchy fabric? True to size fit? Adjustable shoulder straps improve comfort and support? Front zipper closure is convenient? Doesn’t dig into skin or cause irritation? Good for all-day wearCons? Minimal shaping/structure (more comfort-focused than shaping)",2026-07-03
B0GJT2WRSR,KD62581030XL-B91,美国,2,Not true to size.,"Not true to sizes, way too small.",2026-07-03
B0GHLR2S3C,JA1187A-9A-M,美国,5,Sweat that fat off,Perfect for sweating!,2026-07-03
B0G6YCZKDK,AD6826A-91-3XL,美国,1,Big Bodysuit,This waa way to big. It didn't provide the size on the site so I didn't know. It was really cute but they need to offer smaller sizes.,2026-07-03
B0G6WVQ9DQ,AD6825A-70-S,美国,1,Not as Described and Bad Quality,I didn't realize this had a drawstring along the chest area. The photo is deceiving as it shows the shorts to be mid thigh. They came down below my knees.  It was not as described. It was also very very very small and very very very see through. Served no purpose.,2026-07-03
B0G6JRRT3N,ND6854A-91-XL,英国,4,Order a size down from your normal and you will be happy with this,"I ordered my standard size assuming that this would take account of that, however I found it to be too big and therefore not that effective at doing what it is supposed to do.I would recommend going down one size in order to get the desired effect.Having said that, it is well made, it is good quality, good value for money and is soft to touch, so easily wearable under other clothes without issue.I have given 4 stars for the above reasons and only taken one off because of sizing.  Order the right size, and you will not be disappointed.",2026-07-03
B0G5WXLJZN,AA1037C00M-B72,美国,5,Great beginner waist trainer!,I love this waist trainer! It’s for someone just starting waist training because it’s stretchy and soft between the boning. I wear a small/medium in most tops and bought the medium trainer. It was tight enough on the first notch so it wouldn’t be bad to size up.,2026-07-03
B0G5NF3Y8Q,ND6770A-91-M,加拿大,4,J'aime beaucoup,J'ai une taille de guêpe grace à ce corsetMais me fait un peu mal au dos quand je le porte,2026-07-03
B0G4M2Z3QH,AD6836A-91-M,美国,4,Good fit,"Love this shapewear. Keeps everything where it needs to be. Tights in the areas where it’s need to compressed! It does become uncomfortable after while, but it comes with the territory.",2026-07-03
B0FY7L7KCZ,AB2250B3XL-B70,美国,3,It squishes,The snaps are good but there’s no cup shape so I am squished tight- - not comfortable. Will not be purchasing another,2026-07-03
B0FX53W6JJ,AD6832A-91-L,美国,5,Great Faja,"I love it, it fits me great and it does its job. Very comfortable and the support system is great. The material is great and breathable and the best part is that you can wear shorts or a dress and you can’t see the faja. Definitely would get another one because I use mines every day and I’m starting to feel like it’s getting big on me little by little. I’m 5,6 i weigh 200lb and I got my self a size L. Next will be a M.",2026-07-03
B0FX4G8GBB,AD6478A00L-B91,美国,5,LOVE IT,"One of the best body shapers I have ever owned.Things to think about,If you are looking for a holding shaper that holds your belly so tight, this isn’t your body shaper.I was looking for a comfortable shaper that would smooth things out so my clothes can fit and feel better. THIS is my shaper. Will be buying a few more because it’s so comfortable I can wear it everyday.",2026-07-03
B0FX3PNKL5,ND6763A-91-3XL,美国,4,Comfortable while standing,True to size could shape a little more but definitely does the job,2026-07-03
B0FX3N4TWD,ND6763A-91-XS,美国,5,10/10,Me encantaLa recomiendo la mejor en el posparto  te hace sentir muy cómoda y la presión que hace en tu cuerpo,2026-07-03
B0FX3KKQK1,ND6763A-72-M,美国,5,Buena compresion,"Muy satisfecha, compré por los comentarios, es muy cómoda. Normalmente soy L, compré una M, y tengo una buena comprensión pero sin asfixiarme. Compraré otra próximamente.",2026-07-03
B0FR54ZV34,AD6779A-91-S,美国,5,Calidad,Simplemente me encanta yo peso 163 mido 1.58 y me pedí talla s te digo estoy encantada,2026-07-03
B0FND8L31Z,AA1166A-11-S,美国,1,DO NOT BUY small is deceiving,Horrible not as described and broken clips after 2 wears,2026-07-03
,NA1166B-11-S,,,,,
B0FLPGC4ZH,AB2253A00L-B91,英国,5,Post surgery bra,Wife happy with product,2026-07-03
B0FKTFKL4S,AD6772A-70-2XL,美国,5,Me,My new favorite shirt!! For work or play! Please get more colors!!,2026-07-03
B0FKBNFJYQ,AD6573B00S-B91,美国,1,Body shaper,It was too small,2026-07-03
B0FKBLKB7L,AD6573B0XL-B72,美国,5,Comfortable yet does the job,Great fit and comfortable.  I wore this before I had my abdominal surgery and I slept comfortably while wearing it.  I've washed it several times and it has kept its elasticity.  Easy to get off and on.  Adjustable straps are nice and easy to work.,2026-07-03
B0FHC6WXGK,136C-B-XL,美国,5,Great quality and perfect fitting,"I bought this shapewear for my wife and she loved it, it makes her look amazing, I would recommend this 100% the material feels really soft and good quality. I'll buy her more of these",2026-07-03
B0FFB84BVG,AD6727A-91-L,美国,1,No Compression,No real compression,2026-07-03
B0F9WYXM8G,AD6623A2X3-B72,美国,1,Compression sleeve,Way undersized.  I'd consider this a large at best.,2026-07-03
B0F93SJ52K,AD7075B00L-B53,加拿大,1,Not very comfortable to wear,Not as expected!!,2026-07-03
B0F6349L6C,BB2290A95D-B72,美国,5,La mejor compra,"Mi mamá siempre tiene problemas para encontrar sujetadores cómodos para su talla y este definitivamente cumplió todas las expectativas, muy buena calidad y comfort lo recomiendo muchísimo",2026-07-03
B0F4KHF2G3,BB2288A85C-B28,美国,5,No foam or sponge lining,"Good fit, true to size. Nice fabric lightly lined (no foam or sponge lining).",2026-07-03
B0F2912TMW,AA1134B00S-B53,美国,2,Too big,I am 5’6 150lbs. I ordered a size small and its too big. Wished it was tighter more form fitting or had more hooks to make tighter. Not training anything,2026-07-03
B0F1Y15BHB,AB2243B00L-B72,美国,1,Uncomfortable,Absolutely do not fit correctly and are very uncomfortable do not buy,2026-07-03
B0F1XMK6ST,AB2243B2XL-B72,美国,5,Worked well following surgery,This was very helpful after my shoulder surgery. I added an extra Velcro strap to more the bra strap away from the surgical side.,2026-07-03
B0DWSF9P57,AD7016A00L-B91,美国,3,Size,Get it like 3 sizes or 2 size bigger,2026-07-03
B0DW831VJ6,AA1151A00L-B53,加拿大,1,Velcro stopped working,The Velcro stopped working after a couple months of use.,2026-07-03
B0DQ42775T,AD61911030XL-B72,英国,1,Not right for me,Not a smooth fit,2026-07-03
B0DHVBXWY7,AD7085A00M-B91,美国,5,As Expected,Fit was good.  Does exactly what it's designed to do.,2026-07-03
B0DF2SLSL5,AC3330A00M-B53,加拿大,1,Way to small,I wear a medium sometimes a small pretty much in everything and I bought a medium and I could barely even get it well actually I couldn’t get it over my thighs like it was just over my knees that was literally it like I think I would need double XL,2026-07-03
B0D7VJ9WW1,NA1107A2XL-B91,美国,5,Yay,Makes me look like I actually have a waist. 5/5. ??,2026-07-03
B0D7VHCVXT,NA1107A0XL-B91,美国,4,Read this before buying :),Unfortunately I have to return this waist trainer. My waist is 43inches and I bought an XL but because it’s stretchy I was able to put it on the last row easily. So definitely size down to a large if you normally wear a XL or 43in waist. Also I have an apron belly and the trainer just made me look more round instead of smoothing out my belly. But it’s did cinch my waist (only for the front view) . I can’t see this being good for exercising or any activities outside of walking. Very similar to a Acg bandage. Hope this helps.,2026-07-03
B0CSWBDKBK,AB2188C00M-B27,美国,4,Does the Job,"Solid design, but personally, I could use a little less coverage under the arms to prevent rubbing, and it would be nice if the straps went down as well as up.  (note:  no pads came with the bra)",2026-07-03
B0CP24LCPV,AC3355B00M-B91,美国,5,Super comfortable and as described,"The product is equal to the description, meets expectations. It is comfortable, soft.",2026-07-03
B0CM69SCTY,AA1110B00S-B91,美国,5,Snatched!!!!,"When I tell you, I want to be sucked in! This is it!!!! I’m 178lbs 5’8” I bought a medium two years ago when I was 215lbs heavy. Now that I’ve lose so much weight, the medium wasn’t giving for ya girl. I now ordered a small and let me tell you… snatched to the GODSSS!!FYI: just to help you out with your purchase because everyone is built different. I’m 178lbs with moderate working out so therefore, I’m curvy. My weight falls in my midsection. A small will do you some good hooked onto the first row so far.",2026-07-03
B0CKQNGTRZ,AD6560B2XL-B91,美国,2,size,"Too small, had to return.",2026-07-03
B0CGRWPNJJ,AD6542BXL2-B91,美国,5,Es k el delivery y el producto estan muy buenos,El producto esta muy bueno pero no me aprieta lo suficiente,2026-07-03
B0CGRC2PTP,AD6542B0ML-B91,美国,1,Snug but inconvenient,Did not like the way the peehole was set up. I prefer the thongs shapewear. Wish I could return but window closed,2026-07-03
B0CB1BQMWX,AC3183C00L-B91,美国,5,Perfect! Soft! Comfortable!!! Love these!!,Super soft!! Amazing!! Comfort like a warm hug!! Holds everything in but doesn’t feel like squeezing…comfortable!!! Git you some!!!,2026-07-03
B0C9ZPT9FF,AA1110B00S-B53,美国,5,Good Purchase,I bought too small it stretched to a perfect size I really do sweat with this on,2026-07-03
B0C8193G7P,AG2175A010-Z001,墨西哥,5,Exelente,"Me encantó , súper rápido llego y muy buen producto , me encanta su adherencia.",2026-07-03
B0C7H1QX35,AD6159B0XL-B72,美国,5,Feel good,Fit nicely,2026-07-03
B0B6W4Y9FS,AD6134C00S-B91,墨西哥,5,Excenlente,Me encantó!!! La volvería a comprar solo esperaré que salga en xs porque la s me queda bien pero si me gustaría que me apretara  un poco más jeje peor igual está excelente súper cómodo no aplasta los pechos ni pompis ?? 10/10,2026-07-03
B0B53K6443,AA1110B0XL-B53,美国,3,It always hard to know what size to order!!!,The reviews said it ran small ordered the bigger size and it was to big and to long in the torso.,2026-07-03
B09ST8BNMN,AC310910300M-B72,美国,1,Ugly Waist line visible throughly clothes,Waist cuts off middle leaving a line that digs into your waist and is visible throughly your clothesNot goodButt enhancer is nice but the waist line kills The Who garment,2026-07-03
,AC3109B00M-B72,,,,,
B09MVMTNRM,AD6236B00L-B91,法国,4,Attention aux tailles,Taille petit,2026-07-03
B08LQ87M1N,AD6236B0XL-B91,美国,5,Size down,"I love it. Use it all day every day. It’s easy to put on, and very comfortable to wear, which is absolutely essential when I have to wear it every day. Only thing to critique is the sizing, which in my experience is too big. I had to go down two sizes to get the needed compression.",2026-07-03
,AD62361030XL-B91,,,,,
B08L4GV3VJ,JD6150B00M-B53,美国,5,Para hacer ejercicios,Solo la use una ves y si es muy buena te hace sudar mucho .,2026-07-03
,JD6150C00M-B53,,,,,
B08L4GQW46,JD6150C2XL-B53,美国,1,No la recomiendo,Tallas demandadas peque?as,2026-07-03
,JD6150B2XL-B53,,,,,
B07ZVRNVPV,AD611909300L-Q91,美国,4,Purchaser,Decent price,2026-07-03
,AD6119B00L-Q91,,,,,
B07ZLNCTGC,AD6118BXL2-B91,美国,4,ITS A SNATCH!!,"I SHOULD HAVE WENT A SIZE UP. VERY GOOD QUALITY ITEM. NOT STRECTHY AS SHOWN IN THE ADVERTISEMENT. BUT IT DEFINITELY SNATCHES YOU IN ONCE YOU STRUGGLE FOR LIFE GETTING IT ON?? NOT TRUE TO SIZE. SO IF YOU WANT TO LOOK SHAPELY AND BREATHE, JUST GO A SIZE UP FROM YOUR NORMAL SIZE?????♀?",2026-07-03
,AD6118093XL2-B91,,,,,
B07CJZC3PP,12008B-B-M,美国,3,Stretchy,The fabric is really stretchy it recommended me the medium which is a little big because I can easily put it on the last clips. Probably going to go and order the small. I’m 5’2 145lbs,2026-07-03
,12008C-B-M,,,,,
B0H3TJ1RB5,AD6696A00S-B91,美国,5,Comfortable and durable,Absolute best vibe i own and I own about 5 different kinds. Makes me look flat and it's very comfortable. The other ones that had zippers were cheap and I had to fight w them. These work perfectly. I couldn't be happier with this vibe and plan on buying a few new.,2026-07-02
B0H2ZDC86B,NA1194A-91-L,美国,3,Not long at all,Product is great but is no longer than most waist trainers. The description long torso is extremely misleading.,2026-07-02
B0H2BMXY62,AA1085B00S-B91,美国,5,The value of this waist trainer is a A+,Amazing product! The value for this waist trainer is the best. I order a size small and fits perfect. Can't wait to start wearing all day.,2026-07-02
B0H1FJRD9J,NA1107A00M-B91,加拿大,1,Not compatible for shaping,"Does not stay in place, it rolls",2026-07-02
B0H1C2JRLV,AC3615A-91-S,加拿大,2,Not Enough Compression Or Support,"These high-waisted shaping shorts just didn't work for me.First of all, they don't provide much compression. Even though certain areas are thicker and others are mesh, which makes them look like they're designed to give more support and shaping, I didn't find that they actually did.I ordered my usual size small. For reference, I'm about 115 pounds and normally wear a size small, but these still felt too loose. Because of that, they didn't provide the compression or support I was expecting.I also found them a bit bulky and not truly seamless, which limits the type of clothing I would wear them under. One thing I always look for is a completely seamless leg opening because that's the area that's most noticeable under leggings or fitted clothing. These have a stitched band around the legs, and you can definitely see it through tighter clothing.Unfortunately, these just didn't perform the way I expected them to for shapewear.",2026-07-02
B0GZPFTYWD,AB2421A-91-L,美国,5,Great underwire-less bra!!,So comfy and breathable. Thr padin I forget its a bra and not a sports bra. Gives a boost and support. Gonna need this in several colors!,2026-07-02
B0GY98M3W9,AD6106BXL2-B91,美国,5,Va-va-voom,"This fits well and it's comfortable. It smooths out the rolls, enhances my natural curves, slims me.",2026-07-02
B0GY9625F7,AD6106B0ML-B91,美国,5,Comfortable,It's stretchy and surprisingly comfortable. I love the straps that go around the bra so you can wear any type of bra with no worries of the shape wear falling. No panty lines is a nice plus. I'm thinking about ordering one in Jude.,2026-07-02
B0GY4F44Z2,TC3238B00M-B72,美国,3,Fallas de medidas,"Es muy buena calidad, su material, pero las medidas las han hecho bastante raras",2026-07-02
B0GY492BQS,BB2411A-72-S,美国,1,Bad zipper,The zipper is difficult to use and provides no compression. I had bilateral mastectomy and was looking for something the next step less than full compression.,2026-07-02
B0GWCG49G8,AC3617A-27-2XL,美国,5,Great quality,I never wear shapewear bc it’s annoying and rolls up all the time. These do not do that. They also have this reinforced stitching around the top for the rib cage and it helps it stay in place. I wish the legs were a little longer bc I’m a tall person and it’s a little uncomfortable there but still perfect for events and mostly a very comfortable item,2026-07-02
B0GVS27YLW,,美国,2,Didn't Work for Me,"I know a lot of people love this shapewear, but it just didn't work for me. It didn't provide enough support or compression in my midsection, which was the main reason I purchased it. I've used other shapewear that offered much better tummy control. It may work well for others, but it wasn't the right fit for my needs.",2026-07-02
B0GVK3T56G,AD6945A-91-L,美国,1,Bummer!!!,"Sizing waaayyyy off,couldn't get it pass my head even tried to pull it up from my feet.was very confident that large would  fit me.i purchased two.can't even give them away.i don't know any human being that small",2026-07-02
B0GSR9FKML,AA1170A-91-2XL,美国,5,Exactly what I was looking for ??,"Exactly what I was looking for! Just like pictured, size accurate, very comfortable ?? gives compression support but not suffocating ?? didn't roll when sitting but I'll update when I wear it for a longer period. Great quality especially for price seems durable and soft so far ....",2026-07-02
B0GS5BFBZM,AD6931A-91-M,美国,3,Wouln’t buy again,"I’m only giving 3 stars because maybe I just didn’t read the description well enough. This shirt looks just like the picture of you actually zoom in on it. I thought this was a mesh shirt, but it was more like shape-ware. My husband is not fat by any means. He’s in very good shape and toned. However this shirt hugged him so tight that he looked like a shrink wrapped sausage. We laughed so hard, and then even more when he struggled to get it off. He ended up giving it to his very skinny 16 year old son. So at least it wasn’t a waste of money.",2026-07-02
B0GS2C8YTY,AA1170A-72-3XL,加拿大,2,Pas confortable,Les baleines de c?té plus et rentrent dans les hanches,2026-07-02
B0GRHDBZ4B,AA1107A4XL-B91-P,美国,3,Waist trainer,Very small,2026-07-02
B0GR7L14XQ,AC3250A00S-B72,加拿大,5,Great fit and very comfortable,"These are fantastic!!! As someone who is fairly petite, but also has multiple children and is currently postpartum, it is difficult to feel confident in certain clothing, and even more difficult to find decent shapewear that actually fits me. This is perfect! A nice nude (to my skin tone at least) so good under any color dress, the fit is absolutely perfect-it constricts where it needs to (namely, your tummy), is looser where you want it to be to give you a bit of shape (aka your butt lol), and honestly once you get it where it needs to be, it is genuinely so comfortable that I forgot I was wearing it! It feels like really nice quality, very comfortable, and does exactly what I wanted it to!",2026-07-02
B0GQ2VBFC9,AA1186A-91-2XL,美国,5,Helps with back problems,Comfortable good quality durable size is perfect great value for your money. I was suggested to try this out by a chiropractor to help with my back problems and it definitely helped. I wear it over my under shirt and under my work uniform it is comfortable.,2026-07-02
B0GL7KCXVB,AD6908A-91-L,美国,5,The perfect fit,Perfect! Gives me a smooth silhouette!,2026-07-02
B0GK7YTP5F,,法国,5,Très bon maintien,Très bon produitTexture légère au niveau des cuisses et ne remonte pas et très bon maintient au niveau du ventre ont ne sent pas étoufferNe s'enroule pas non plus au dessusAu top ??,2026-07-02
B0GJRGTQH1,AC3350A00M-B72,美国,1,Not worth it,These DO NOT provide any actual support. They are not as sturdy as other shape wear. Would not recommend.,2026-07-02
B0GJJQHHL1,AD6877A-91-2XL,美国,2,Cup size to small,"Disappointed because it’s super cute, BUT sizing up doesn’t help, for us ladies with bigger boobs DDD, I bought XL originally and couldn’t fit the cup. I sent it back and got a 2x. It fits exactly the same. So don’t waste your time. It’s not for bigger boobs. Some people may like the look of it not fitting but not me.",2026-07-02
B0G6YL8CKS,AD6845A-91-L,美国,5,Good product,It is very soft and well made,2026-07-02
B0G51XG2L8,AD6044B0XL-B91,美国,5,A must for guys aiming for confidence,"Excellent quality, it keeps me with a right posture and best of all: you can wear event tshirts on top and you can barely see it. Glad I bought it!",2026-07-02
B0FX8H4Y2Q,AC3272A00L-B91,美国,5,Get it!,"From sizing, fit, and value! Everything is perfect. Doesn’t slide down either. Buy it!",2026-07-02
B0FNWJ4MZR,AB2252A00L-B72,美国,1,Too small,Too many snaps to close,2026-07-02
B0FLPKDBTV,AB2253A3XL-B91,英国,5,Very Comfortable,Very comfortable since heart surgery. The straps don't dig into the scar at all. Some days the hooks take a while but thats more to do with how I feel. Dont rush.,2026-07-02
B0FF4HWS3D,RB6713A00M-B91,日本,5,お手頃価格,スポーツをしているのでしっかり潰してくれて、揺れることも無く良い。夏でもそこまで蒸れる感じはない。,2026-07-02
B0F8QBZ1H5,AD6189C0ML-B72,美国,1,Do not purchase,Did not like atall,2026-07-02
B0F6CV48ST,,法国,5,Super,"Super Galban, décolleté, magnifique",2026-07-02
B0F63184G2,AB2187B00L-B70,美国,4,Good Buy,"Not as thick or compressed as the one from the hospital, but still worked for me.",2026-07-02
B0F291ZM2V,AA1134B00L-B53,美国,5,amazing,"literally the best thing I ever bought, super durable material is not itchy or annoying very stable and keeps you having amazing posture the material is barely stretchy which makes it so your stomach doesn't flop out the quality for how much money it is AMAZING the thickness is thick but it's not overwhelmingly thick and once again super stable and doesn't irritate my skin at all. I literally bought TWO from how good it is and I had to size down!!",2026-07-02
B0F1XMK6ST,AB2243B2XL-B72,美国,5,Good for post op,Great for post op shoulder,2026-07-02
B0F1THSH25,,法国,2,Produit normal,Oui ?a va c’est pas magique non plus,2026-07-02
B0F18P3NJM,AC3371A3XL-B72,美国,3,Works in a pinch,It's ok tummy control but the band is a little uncomfortable on the inner thigh area.,2026-07-02
B0DZ1VX9WR,BB2291A0XL-B72,美国,5,Just right for me.,Good quality and good value.,2026-07-02
B0DXVSCFR4,AA1107A00M-B91,美国,5,Nice and Snug,"The material is durable. I like the three layer effect it has when it pulls my waist in.  It’s comfortable to wear.  It doesn’t irritate my skin.  I haven’t worn it for long periods of time just yet, but no issues when putting it on nor taking it off.",2026-07-02
B0DWJP5GP2,AD6661A3XL-B70,美国,1,Not worth it.,Unfortunately the product is not good. No upper back ir shoulder compression. Very little lower back support.  I would not recommend this product,2026-07-02
B0DWJKNJ7Z,AD6661A2XL-B70,美国,1,"Skin irritation, seller declined to resolve","This led to noticeable skin irritation. I reached out to the seller for a resolution, but they wouldn’t make it right. Taking my business elsewhere going forward.",2026-07-02
B0DM87GT52,AD6631A00M-B91,美国,5,Thumbs down,Too thin no support and kills your sholders,2026-07-02
B0DFXVPJQY,AD6578B00M-B91,日本,5,ナベシャツ初心者ですがリピ確です！,170㎝です。バスト的にはSでしたが、体格が大きいのでSとMの2点を購入しました。Sはやはり少し小さく脱ぎ着が難しかったので、身長が大きい方はM以上がおすすめかと思います！最初は苦しく感じるかもしれませんが、つけているうちにだんだん慣れ、自然で思っていたシルエットになりとても感動しました。,2026-07-02
B0DBYVGQ2S,6601-Y-2XL,英国,1,It hurts to wear can’t return underwear,Had to take bones out,2026-07-02
B0D7BVL9NH,AD6504B00L-B72,美国,5,Surprisingly Comfortable and Great for Low-Cut Outfits,"This bodysuit ended up being a really useful wardrobe piece, especially for outfits with a deep neckline where a regular bra would normally show. The plunge design looks flattering without feeling overly revealing, and the material has a smooth, stretchy feel that sits nicely against the skin. It gives a more seamless look under clothing while still feeling supportive enough for extended wear.I wore this under a dress that normally makes finding the right undergarment difficult, and it worked much better than I expected. The fabric feels lightweight but not thin or cheap, and it hugs the body comfortably without constantly needing adjustment throughout the day. I also liked that it stayed in place well and created a smoother silhouette under fitted clothing.One thing I appreciated is that it doesn’t feel stiff or restrictive like some shapewear-style bodysuits can. The construction feels thoughtfully designed for both comfort and functionality, especially for special occasion outfits, lower cut tops, or dresses where you still want some support and coverage without visible lines.Overall, I’d definitely recommend this for anyone looking for a comfortable plunge bodysuit that works well under deep V-neck clothing. It looks flattering, feels comfortable for longer wear, and does exactly what it’s intended to do.",2026-07-02
B0CNLS2D4T,AD6504C00L-B72,墨西哥,5,"Buena tela, estira bien, moldea la figura",Excelente tela,2026-07-02
B0CJ9CP1XZ,AA1037C0XL-B91,美国,5,Stomach gurtle,Good fit don’t really snatch the waist but does give a little shaping great quality snug to put on I got a 2x 290 plus pounds,2026-07-02
B0C9ZPT9FF,AA1110B00S-B53,美国,5,1st time,feels comfortable so far,2026-07-02
B0C9ZPT9FF,AA1110B00S-B53,美国,4,Cute,This was a cute idea but I wish it were harder and more constricted,2026-07-02
B0C9ZPT9FF,AA1110B00S-B53,美国,5,Sucks is all in,Good stuff,2026-07-02
B0C9ZMDB2X,AA1110B0XL-B53,美国,5,Waist trainer,Comfort and keeps you snatched,2026-07-02
B0C7T55CNL,AD6507A3XL-B91,美国,3,Go up a size for comfort,Fits too tight,2026-07-02
B0C439G73M,AD61200930ML-B91,加拿大,5,Excellent body shaper and comfortable to wear.,After several shirts from different brands I found that this one was effective body shaper.  It’s strong but elastic enough that putting it on isn’t a massive struggle.  I tend to sweat and the material it made of is very breathable and the moisture wicks off quickly.  The bottom portion is more elastic which helps keep it from riding up.  Highly recommended.  I would definitely buy again.For reference:  I’m 5’6 and 190 lbs dad bod.,2026-07-02
B0BVT3W8J8,AD6414C0SM-B91,美国,5,Exelente,Lo ame me encanto,2026-07-02
,AD6414A0SM-B91,,,,,
B0BTYJTP9D,AB2188C00M-B70,美国,4,Really nice bra with one serious flaw.,"This is a really excellent bra that fits nicely. However, there is one serious drawback. The zipper has no covering at the top and it’s a fairly big zipper.  I’m going to keep it. I hope it doesn’t interfere with the clothing that I wear. But it might.",2026-07-02
B09QYCQYG3,AC3183B00L-B91,西班牙,5,Fajas,"Excelente faja , me queda un poco grande ya que soy talla L la tendría que comprar talla M",2026-07-02
B09N3SX9LL,AC3184B00M-B91,日本,5,良い商品,発汗抜群。ズレなくて履きやすい。,2026-07-02
B09MS5FPW8,AB202709300L-B91,意大利,5,Perfect,... Perfetto e leggere.,2026-07-02
B07CJJCR8G,12008C-B-4XL,美国,2,Uncomfortable,"The top was uncomfortable, especially around the arms. Wearing a bra with the garment was difficult and even more uncomfortable.",2026-07-02
,12008B-B-4XL,,,,,
B07CJC6HYT,12008B-B-3XL,美国,2,Long torso = no no,If you have a longer torso this will not work for you; comfortable but rides up do to it being so short.,2026-07-02
,ND12008C-B-3XL,,,,,
B072VQ1FZD,12008C-Y-S,英国,5,Waist trainer adjustable,"My review is based on the quality and versatility, it’s very very good and no doubt it’s durable very strong  it’s size S, so not sure if it will fit me as at the moment o am on the same size and it seems to be bigger. But I really recommend it. I am very happy with the product purchased",2026-07-02
B0H152FDZD,AC3627A-91-M,美国,2,Didn't fit.,Do not like. I got my true to size and I could not get them on at all.,2026-07-01
B0GZPY7ZG6,AB2421A-91-M,美国,5,Fits as expected.  Nice quality.,"I recently had a lumpectomy and on the advice of my doctor I bought 3 post surgery compression bras.  Two of them were made by Brabic, and I was very impressed with how comfortable they have been.After wearing these bras that are wireless, I came to realize how comfortable a bra is without wires, so I started looking to see which ones I felt would fit well.  The Brabic brand immediately caught my eye, and so another Brabic bra it was.  And I haven’t been disappointed.They truly are way more comfortable that having wires supporting your breasts.  Do I notice that I have it on?  Yes, I do.  But I’m not constantly yanking it down because it is riding up, and I don’t feel that I immediately have to take it off when I get home.One of the reasons I like this bra is that the sides are a little higher than my usual bras, and that seems to smooth things out a little.  Not perfect, but better.I normally wear a 34C, and the Medium fits me well.  My underwear drawer is experiencing a major makeover!The Brabic bras are well made, they fit as expected and have a reasonable price tag.",2026-07-01
B0GX6DFBVM,JD7096A-9A-L,美国,5,Highly recommended,"Amazing product! Worked out in it, had me dropping sweat! Highly recommend! True to size and very comfortable",2026-07-01
B0GX6BBJ56,JD7096A-1C-L,美国,5,Workout dress,"Dress is very comfy and has a beautiful red color to it. It fits perfectly, great purchase!",2026-07-01
B0GVZ6V4GV,AD6901A-70-XL,美国,1,Not worth it!,It is really just an overpriced undershirt. It doesn't really do much and certainly it is not a body shaper. Don't waste your money.,2026-07-01
B0GVPC883S,AB2436B-91-L,美国,5,Soooo comfortable,I ordered one in flesh color. After one day ordered another in black. Very comfortable. Love the back and under arm support. Extremely comfortable.I recommend this bra to anyone whether they've had a mastectomy or not.,2026-07-01
B0GS5JV5HS,,意大利,5,Ottimo,Comodissime bellissime ottime??????,2026-07-01
B0GS4ZHJQ7,AD6931A-91-S,美国,5,Absolutely worth it,Love these as an under shirt in my uniform. It’s light and doesn’t over heat me in my ballistic vest.,2026-07-01
B0GPXGLRX5,AD6874A-91-2XL,美国,4,Good,Finally found what I needed for my summer dresses.,2026-07-01
B0GL7S16ZK,AD6908A-72-L,美国,2,Great tummy control but not great up top,Great tummy support but not enough support up top for me. Girls were too smashed and squishing out the sides no side boning. Also had a thick seam through middle of that area that would definitely show through clothes. It was also too long for me so it bunched up and since so tight cut in where it bunched and would show through clothes. I’m sadly returning it. Did not want to pay for Honeylove which this looks like but guess I’ll try it,2026-07-01
B0GKJGLWZN,AA1163A-91-L,英国,5,Body shaped that gives comfort,"I finally found body shapper that gives my body confidence. It's true to size, durable, comfort and support my back.",2026-07-01
B0GKF6RX2H,AD6912A-91-2XL,美国,5,Size down,Make sure you get a size down for the proper fit!,2026-07-01
B0GJT5STSJ,AD6607B0XL-B91,美国,5,Comfort and Compression,I’m in love with this product. It’s so comfortable but also compressed in the right spots. I definitely recommend this product.,2026-07-01
B0GJSRSL97,AC3353A00M-B91,美国,5,High waste tummy control leggings.,I love these Very comfortable to wear. and would highly recommend this product,2026-07-01
B0GJSDJZ3C,AC3353A2XL-B91,美国,5,Best I ever had,Very good quality and it does exactly what it needs to do! Comfortable enough that I wore it for 10hrs while working,2026-07-01
B0GHM734XF,JA1187A-9A-L,美国,5,Good quality,"Good quality ,comfortable",2026-07-01
B0GHM2WVKL,JA1187A-9A-XL,美国,5,True size,Recommend very comfy to use while doing chores around the house and walks! No issues at all. Love this product so much!,2026-07-01
B0GF1T19KQ,AD6883A-91-S,美国,5,Amazing,I absolutely love this shaper. I’m always very skeptical when purchasing a shaper and I normally don’t like my purchases. But this one absolutely exceeded my expectations.It Sucks in and gives you a waist with that hour glass figure with lots of tummy control. I wish it came in more colors. It only comes in black and beige. Wish there was a white or brown.,2026-07-01
B0GBV23D25,6601-B70-M,美国,5,Good for aching back,fits well and helps strengthen back,2026-07-01
B0G4LG9NLQ,AC3577A-72-L,美国,1,Run small ordered large was actually small,Small,2026-07-01
B0G4LDN7SK,JD7089A-91-XL,美国,4,Works,If you’re top heavy be sure to size up.,2026-07-01
B0G4JVZJWX,AC3536A-72-M,美国,5,Great shapewear,Amazing shapewear.  This is my second purchase from this same brand. Holds without feeling restricted.  The boning on the waist band holds the shapewear in place and the leg sheer fabric does not roll.  Seamless under the garments.,2026-07-01
B0G44SQ18H,MC3237A0XL-B72,美国,5,AMAZINGG,This really does work and it's comfy. Make sure to size down so the waist can get snatched for sure!,2026-07-01
B0G3NHTY5T,AC3534A-91-L,美国,5,Stays In Place,I work in this shapewear for 12.5 hours 3x a week. It stays up ALL day. Not a struggle to pull down for bathroom trips. I sized down to a large for a semi-tight fit & its still comfy,2026-07-01
B0G2QL5PWH,BB2411A-91-M,美国,5,Comfort & Daily Wear,"""I am absolutely loving this front-zip bra! The material is incredibly soft, and it gives a smooth, seamless look under my shirts. The front zipper closure is a total game-changer—no more struggling with back hooks or trying to pull a tight bra over my head. It provides great everyday support without any digging or pinching. Definitely buying more colors!""I will say to order your actual size",2026-07-01
B0G2QJ7WXT,BB2411A-70-3XL,美国,5,Smooth Compression At Its Best,"This fits perfectly, it’s super comfy, the straps don’t dig in & the quality is top tier. I love that the closure is in the front too. Given all these outstanding qualities, it’s money well spent.",2026-07-01
B0FYF6KVF2,AC3311B00L-B91,美国,5,Me encantó,Moldea Exelente producto,2026-07-01
B0FYDHQ862,AD6693A0XL-B91,美国,5,It was very very comfortable to wear,"It's definitely to your true size, so if you wanna pull it in, go in one size lower",2026-07-01
B0FY7HLB43,AB2250B00L-B91,美国,5,Great,Great recovery bra,2026-07-01
B0FX8G44FW,AC3272A00L-B72,美国,5,Muy comoda,Muy bien están super cómodas.,2026-07-01
B0FRXQ3SNR,AF8118B0SM-B72-JP,日本,1,がっかりです,全く固定できない使えないです…ムダでした,2026-07-01
B0FRX2NZVG,AF8118BLXL-B91-JP,日本,5,動きやすい,腰を痛めてしまい仕事用に購入しました。スリムで伸びもよく腰周りに巻いても苦しさもなく良かったです。これから暑くなるのでシンプルなものを探していました。立ったり座ったりしましたがズレることなく腰周りにフィットしていて良かったです。腰を支えてもらってる感じでいつもより動きやすく感じました。Lサイズを購入したのですがもう少し締め付けたいな？と思ったのでMサイズも購入しました。マジックテープもしっかりと止めてくれて外れることがないのでその点も動く時は安心です。しっかり止めてあるので剥がす時はコツがいりますね。そのうちなれるかと思います。,2026-07-01
B0FPL2P9GP,1111-28C-Y-L,美国,5,Para un mejor cuerpo,Para tu figura  te mantiene  más delgada úsala todo los dias y veras cambios  en tu cuerpo,2026-07-01
B0FND7NZSH,AA1166A-71-XL,美国,3,"Not bad, but not good",Kinda hard to put on I think I need a bigger size kind of makes me look the same size doesn’t really help me. The delivery took a little longer than it was supposed to. It’s kinda hard to put on and off,2026-07-01
B0FMK1R1FC,AD6778A-72-2XL,美国,2,Too small,Nice but runs too small,2026-07-01
B0FFN4SXQG,AD6159B00M-B91,德国,4,Gutes Produkt,Es sitzt im Vergleich zu anderen Hemden dieser Art gut. Stoff ist auch ok. Man darf nur keine Wunder erwarten Bauch und Brust sind natürlich nach wie vor deutlich sichtbar.,2026-07-01
B0FB8D4K9P,AC3390B00L-B72,英国,5,Good product,"I liked this item. It worked really well . Very comfy to wear. I wore mine all day for a wedding.Helped my waist area appear more snatched, and helped my tummy area, which i hate.Very imofessed for the price.I would buy more.",2026-07-01
B0F9WLXYL3,AA1132B0XL-B91,美国,5,Perfect fit,"I love this waste trainer. I am 206 pounds 51. I bought extra large fit, perfect. Give me a great  snatch and it helps my back.",2026-07-01
B0F8Q9NQ28,252C-B26-S,美国,5,Smooths everything and is flattering under clothes!,"The compression on this shapewear is light but effective for its purpose, making it comfortable to wear for extended times. It’s breathable and smooths the body, giving a seamless appearance under clothes that can make an outfit look better. The price is amazing for how well this shapewear fits and looks!Keep in mind, this is shapewear, not a corset or waist trainer. It’s NOT meant to give drastic results (if it did, it would cost way more than just 13$). It just smooths out your body for a more natural and less lumpy look under your clothes.",2026-07-01
B0F87QCYZB,AA1110B0XS-B53,美国,5,Great to help you sweat,Maximizes my sweat and helps me shrink my waist. You can still workout in this as it Isn't too stiff.,2026-07-01
B0F4WPYLNQ,136C-B-2XL,美国,1,Horrible,Absolutely RIDICULOUS!  LOL.  Tight as the dickens but somehow NO TUMMY CONTROL WHATSOEVER.  The waist could cause death within minutes.Do not recommend!,2026-07-01
B0F3JT5W8B,AG3367C00M-B91/B72,英国,5,Good fit forsuze 12/14,"My size is 12/14, it fits perfectly. The bund iss tight, beware of bulging. Comfortable wear",2026-07-01
B0DXVR2C9T,AA1107A00M-B72,美国,3,Short torso,"I like this product but since I have a short torso, it feels so uncomfortable sometimes.",2026-07-01
B0DQKKMMH4,AD7075B00L-B53,美国,5,El material,Bueno y efectivo,2026-07-01
B0DLWL38BS,AB2259B0XL-B70,美国,5,Used as a postop bra,"I recently had shoulder replacement surgery so I wanted a very soft bra to wear while I was still in the sling/immobilizer for 4 weeks.  I thought the front zipper would make it easier to get it in place.  That is not how I ended up putting this on.  I just made sure the zipper was securely in place, stepped into it and pulled it up.  Works great when you don't have much range of motion postop.",2026-07-01
B0DK6TFCVN,AB2253A00S-B72,美国,5,Great product,"Great product! It works exactly as described, feels well made, and arrived on time. I’m very happy with my purchase and would definitely recommend it.",2026-07-01
B0DFWT78D8,AB2243B2XL-B91,美国,5,The best,Cotton and comfortable I wear them to work,2026-07-01
B0DB23Q1MM,AG3386A00M-B91/B72,墨西哥,5,Muy bn,"Me gusto, pero hubiera pedido una talla menos para sentir un poquito la presión pero muy cómoda la tela y llegó a tiempo",2026-07-01
B0CYC2Q2FD,AB2188C00M-B74,加拿大,5,Great bra and reasonable price. Good quality and comfortable,I am very happy with this Sports Bra and wore it after my lumpectomy. Good amount of support.,2026-07-01
B0CXP5FZ4M,AD7079B3XL-B53,美国,2,Hard to take off,I needed help taking this suit off.,2026-07-01
B0CX1W7FVM,AB2188C3XL-B91,加拿大,4,TAX IS REFUNDABLE with an Rx from Doctor,Worked well after my lumpectomy. IF THIS IS FOR POST SURGERY —CONTACT CUSTOMER SERVICE FOR A TAX REFUND WITH A RX FROM YOUR DOCTOR!,2026-07-01
B0CW1LRY15,AC3390B00L-B72,美国,3,Size Up,I am 165 lbs and I ordered size L as it was suggested. Unfortunately that did not work out for me. I usually buy shapewear for comfort when wearing dresses and to avoid chafing. So I thought maybe I'm not used wearing tight shapewear for tummy control but when I tell you I couldn't even get it past my knees. I would recommend sizing up.,2026-07-01
B0CP3DMQCY,AA1110B0XL-B75,美国,5,me encanta,"buenísimo esta faja , te hace sudar y no se corre",2026-07-01
B0CMTGT38R,AD6583A00M-B72,美国,5,As described.,Excellent quality. Perfect fit. No bra needed.,2026-07-01
B0CMGX6KGX,252-B-4XL-P,美国,5,Great purchase,"I ordered according to t-shirt size,and it fit as desired.  Tbh the most comfortable shapewear I've ever bought.",2026-07-01
B0CM68XCLY,AA1110A0XL-B91,美国,2,Muy peque?a,"Soy talla XL y pedi esa misma talla y salio demasiafo peque?a, es de acuerdo con la talla de describe en la etiqueta.",2026-07-01
B0CG5DLC9Z,AD6477A00L-B91,美国,3,Es exactamente como en la foto,Me encantó en suave y se ajusta perfectamente al cuerpo,2026-07-01
,AD6477B00L-B91,,,,,
B0CG5C3J12,AD6477A2XL-B91,美国,5,Great! Comfy! Smoothing! Compression!,"Love it. I’ve worn so many that were so uncomfortable! This one breathes and it’s comfortable. While others I’ve tried never smooth out the fat, this one did. I’m 5’6 230lbs, and I am wearing the xxl (12). And it’s affordable! I’ve had it for nearly a month now. Holding up great! Just ordered another one to have!",2026-07-01
,AD6477B2XL-B91,,,,,
B0CBLMVGLJ,AF8136A00F-B91,美国,1,In accurate description,Not a one size fits all. Doesn't fit snug. I wouldn't recommend. You might wind up sending it back.,2026-07-01
B0CBK4MQVF,AB2186B00M-B91,美国,5,Sostén post quirúrgico,This post-surgical bra is spectacular. It is very soft and comfortable for after the surgery. The size matches and the quality is very good,2026-07-01
B0C9ZS159B,AA1110B00M-B53,美国,5,Great for working out,Great material and really snatches my waist,2026-07-01
B0C9ZS159B,AA1110B00M-B53,美国,5,Comfortable must buy,Stay fit and comfortable while doing it I love this waist trainer,2026-07-01
B0BPXV6C2N,AF8126B00L-Q91,美国,5,Satisfecha,Espectacular ?? recomendada,2026-07-01
B09TVJF38W,883B-Y-L,美国,1,Wiring stabs into my back,"Faja fits my size (I chose a Large), the material is good quality. But the wiring of it was rolling into my back rolls and stabbing me really bad. I didn't use it much because it was so painful. The waist shape doesn't change much for me (I do have a smaller waist than my body) but I was getting this pretty much for waist training and back support. I'm returning this because it was really painful",2026-07-01
,NA883C-Y-L,,,,,
B09MTNDLY2,AD61140933XL-B91,德国,5,Yay,"Super toll und super bequem! Traut euch ruhig, eure normale Gr??e zu bestellen. Ich habe den Fehler gemacht und ihn eine Nummer zu gro? gekauft, weil ich dachte, ich würde sonst zu sehr eingequetscht werden. Dadurch bietet er mir leider nicht die Unterstützung, die er eigentlich sollte. Ich schicke ihn deshalb zurück und bestelle ihn jetzt in meiner normalen Gr??e. Also wirklich: Traut euch, eure richtige Gr??e zu nehmen!",2026-07-01
B08JTQGWDF,1604-B-L,加拿大,5,Comfortable,Ordered large. My clothing size is medium. Saw the comments  to order a little large than your normal size. It's comfortable and size is just fine. If ordered medium probably wouldnt be comfortable. I have wonderwoman corset medium and its uncomfy.,2026-07-01
,1604B-B-L,,,,,
B089CPQ7H1,JD6150C0XL-B91,美国,2,Double check your sizing,Not true to size. It was too big to even get the sweating effect.,2026-07-01
,JD6150B0XL-B91,,,,,
B089CJ5YK7,JD6150B00M-B91,美国,1,does not do anything,useless,2026-07-01
,JD6150C00M-B91,,,,,
B082259LZW,AB202709300M-B71,美国,5,Bueno,Muy bueno lo uso después de mi cirugia,2026-07-01
B07WS5T4YB,AD61100933XL-B91,美国,3,Zipperless is better,Does what it's supposed to do the problem is that the zipper will show through on any type of t-shirt or certain other kinds of shirt,2026-07-01
,AD6110B3XL-B91,,,,,
B07L63FVXR,AD6025B0XL-B72,美国,5,Men's Skimslike shirt,"Great material fabric, great quality and makes the torso look sleek and smooth. No excess body fat coming out of shirt",2026-07-01
,AD60259810XL-B72,,,,,
B07KF6NDYR,6601-B-3XL,美国,1,No control,Not much control. I would return but I was out of town and had no choice but to use it.,2026-07-01
,6601B-B-3XL,,,,,
B0772XQZQG,1516-B-M/L,美国,1,Run small,They are extremely small,2026-07-01
B075KCL89C,12008C-B-3XL,美国,5,Great Tummy control!!,"This is a bit small to size, but it does its job. It has good tummy control with not a lot of restriction. I recommend this product to all my plus size girls. Good material and feels very smooth to touch . It did no retraining any sweat odor.  Had hard time to put on alone but once i had help it was all fine .",2026-07-01
,12008-B-3XL,,,,,
B075KBXFBK,12008B-B-M,美国,2,Size up to fit,You must size up 3 sizes. I am 5'3 165 lbs and the small was made for someone very small.,2026-07-01
,12008C-B-M,,,,,
